title,timeStamp,calls_count
EMS,2016-01-01,157
EMS,2016-01-02,177
EMS,2016-01-03,169
EMS,2016-01-04,183
EMS,2016-01-05,170
EMS,2016-01-06,173
EMS,2016-01-07,184
EMS,2016-01-08,181
EMS,2016-01-09,186
EMS,2016-01-10,171
EMS,2016-01-11,190
EMS,2016-01-12,181
EMS,2016-01-13,168
EMS,2016-01-14,190
EMS,2016-01-15,220
EMS,2016-01-16,153
EMS,2016-01-17,153
EMS,2016-01-18,158
EMS,2016-01-19,208
EMS,2016-01-20,171
EMS,2016-01-21,166
EMS,2016-01-22,159
EMS,2016-01-23,191
EMS,2016-01-24,232
EMS,2016-01-25,201
EMS,2016-01-26,190
EMS,2016-01-27,190
EMS,2016-01-28,178
EMS,2016-01-29,183
EMS,2016-01-30,154
EMS,2016-01-31,155
EMS,2016-02-01,155
EMS,2016-02-02,205
EMS,2016-02-03,153
EMS,2016-02-04,158
EMS,2016-02-05,173
EMS,2016-02-06,157
EMS,2016-02-07,145
EMS,2016-02-08,161
EMS,2016-02-09,176
EMS,2016-02-10,208
EMS,2016-02-11,190
EMS,2016-02-12,167
EMS,2016-02-13,144
EMS,2016-02-14,145
EMS,2016-02-15,181
EMS,2016-02-16,191
EMS,2016-02-17,167
EMS,2016-02-18,151
EMS,2016-02-19,183
EMS,2016-02-20,171
EMS,2016-02-21,168
EMS,2016-02-22,167
EMS,2016-02-23,145
EMS,2016-02-24,185
EMS,2016-02-25,192
EMS,2016-02-26,159
EMS,2016-02-27,177
EMS,2016-02-28,151
EMS,2016-02-29,165
EMS,2016-03-01,186
EMS,2016-03-02,159
EMS,2016-03-03,165
EMS,2016-03-04,167
EMS,2016-03-05,141
EMS,2016-03-06,146
EMS,2016-03-07,182
EMS,2016-03-08,192
EMS,2016-03-09,182
EMS,2016-03-10,192
EMS,2016-03-11,167
EMS,2016-03-12,186
EMS,2016-03-13,176
EMS,2016-03-14,188
EMS,2016-03-15,175
EMS,2016-03-16,166
EMS,2016-03-17,179
EMS,2016-03-18,186
EMS,2016-03-19,166
EMS,2016-03-20,143
EMS,2016-03-21,182
EMS,2016-03-22,159
EMS,2016-03-23,185
EMS,2016-03-24,165
EMS,2016-03-25,182
EMS,2016-03-26,131
EMS,2016-03-27,153
EMS,2016-03-28,175
EMS,2016-03-29,174
EMS,2016-03-30,165
EMS,2016-03-31,176
EMS,2016-04-01,205
EMS,2016-04-02,176
EMS,2016-04-03,146
EMS,2016-04-04,172
EMS,2016-04-05,144
EMS,2016-04-06,184
EMS,2016-04-07,191
EMS,2016-04-08,175
EMS,2016-04-09,153
EMS,2016-04-10,164
EMS,2016-04-11,197
EMS,2016-04-12,120
EMS,2016-04-13,200
EMS,2016-04-14,147
EMS,2016-04-15,163
EMS,2016-04-16,180
EMS,2016-04-17,147
EMS,2016-04-18,182
EMS,2016-04-19,186
EMS,2016-04-20,175
EMS,2016-04-21,173
EMS,2016-04-22,179
EMS,2016-04-23,168
EMS,2016-04-24,170
EMS,2016-04-25,183
EMS,2016-04-26,181
EMS,2016-04-27,178
EMS,2016-04-28,189
EMS,2016-04-29,164
EMS,2016-04-30,157
EMS,2016-05-01,68
EMS,2016-05-02,154
EMS,2016-05-03,170
EMS,2016-05-04,160
EMS,2016-05-05,195
EMS,2016-05-06,156
EMS,2016-05-07,162
EMS,2016-05-08,167
EMS,2016-05-09,172
EMS,2016-05-10,165
EMS,2016-05-11,187
EMS,2016-05-12,171
EMS,2016-05-13,195
EMS,2016-05-14,179
EMS,2016-05-15,127
EMS,2016-05-16,173
EMS,2016-05-17,171
EMS,2016-05-18,163
EMS,2016-05-19,172
EMS,2016-05-20,175
EMS,2016-05-21,156
EMS,2016-05-22,164
EMS,2016-05-23,187
EMS,2016-05-24,168
EMS,2016-05-25,184
EMS,2016-05-26,201
EMS,2016-05-27,197
EMS,2016-05-28,166
EMS,2016-05-29,182
EMS,2016-05-30,157
EMS,2016-05-31,159
EMS,2016-06-01,176
EMS,2016-06-02,179
EMS,2016-06-03,160
EMS,2016-06-04,178
EMS,2016-06-05,132
EMS,2016-06-06,200
EMS,2016-06-07,185
EMS,2016-06-08,141
EMS,2016-06-09,169
EMS,2016-06-10,187
EMS,2016-06-11,177
EMS,2016-06-12,164
EMS,2016-06-13,189
EMS,2016-06-14,161
EMS,2016-06-15,158
EMS,2016-06-16,176
EMS,2016-06-17,202
EMS,2016-06-18,170
EMS,2016-06-19,152
EMS,2016-06-20,154
EMS,2016-06-21,207
EMS,2016-06-22,176
EMS,2016-06-23,186
EMS,2016-06-24,152
EMS,2016-06-25,166
EMS,2016-06-26,146
EMS,2016-06-27,164
EMS,2016-06-28,183
EMS,2016-06-29,170
EMS,2016-06-30,182
EMS,2016-07-01,194
EMS,2016-07-02,146
EMS,2016-07-03,166
EMS,2016-07-04,148
EMS,2016-07-05,162
EMS,2016-07-06,171
EMS,2016-07-07,168
EMS,2016-07-08,192
EMS,2016-07-09,160
EMS,2016-07-10,169
EMS,2016-07-11,197
EMS,2016-07-12,173
EMS,2016-07-13,188
EMS,2016-07-14,192
EMS,2016-07-15,198
EMS,2016-07-16,183
EMS,2016-07-17,163
EMS,2016-07-18,174
EMS,2016-07-19,200
EMS,2016-07-20,176
EMS,2016-07-21,180
EMS,2016-07-22,174
EMS,2016-07-23,176
EMS,2016-07-24,156
EMS,2016-07-25,179
EMS,2016-07-26,185
EMS,2016-07-27,195
EMS,2016-07-28,192
EMS,2016-07-29,199
EMS,2016-07-30,161
EMS,2016-07-31,176
EMS,2016-08-01,172
EMS,2016-08-02,202
EMS,2016-08-03,161
EMS,2016-08-04,188
EMS,2016-08-05,196
EMS,2016-08-06,187
EMS,2016-08-07,166
EMS,2016-08-08,184
EMS,2016-08-09,162
EMS,2016-08-10,145
EMS,2016-08-11,187
EMS,2016-08-12,190
EMS,2016-08-13,196
EMS,2016-08-14,170
EMS,2016-08-15,175
EMS,2016-08-16,192
EMS,2016-08-17,164
EMS,2016-08-18,134
EMS,2016-08-19,181
EMS,2016-08-20,138
EMS,2016-08-21,144
EMS,2016-08-22,164
EMS,2016-08-23,199
EMS,2016-08-24,167
EMS,2016-08-25,163
EMS,2016-08-26,195
EMS,2016-08-27,174
EMS,2016-08-28,177
EMS,2016-08-29,190
EMS,2016-08-30,196
EMS,2016-08-31,179
EMS,2016-09-01,164
EMS,2016-09-02,185
EMS,2016-09-03,158
EMS,2016-09-04,170
EMS,2016-09-05,153
EMS,2016-09-06,188
EMS,2016-09-07,196
EMS,2016-09-08,196
EMS,2016-09-09,191
EMS,2016-09-10,177
EMS,2016-09-11,153
EMS,2016-09-12,187
EMS,2016-09-13,182
EMS,2016-09-14,168
EMS,2016-09-15,172
EMS,2016-09-16,179
EMS,2016-09-17,175
EMS,2016-09-18,160
EMS,2016-09-19,164
EMS,2016-09-20,176
EMS,2016-09-21,174
EMS,2016-09-22,174
EMS,2016-09-23,178
EMS,2016-09-24,172
EMS,2016-09-25,152
EMS,2016-09-26,162
EMS,2016-09-27,159
EMS,2016-09-28,172
EMS,2016-09-29,183
EMS,2016-09-30,169
EMS,2016-10-01,162
EMS,2016-10-02,163
EMS,2016-10-03,181
EMS,2016-10-04,151
EMS,2016-10-05,192
EMS,2016-10-06,185
EMS,2016-10-07,202
EMS,2016-10-08,162
EMS,2016-10-09,165
EMS,2016-10-10,174
EMS,2016-10-11,199
EMS,2016-10-12,181
EMS,2016-10-13,185
EMS,2016-10-14,160
EMS,2016-10-15,168
EMS,2016-10-16,160
EMS,2016-10-17,180
EMS,2016-10-18,171
EMS,2016-10-19,212
EMS,2016-10-20,170
EMS,2016-10-21,207
EMS,2016-10-22,162
EMS,2016-10-23,173
EMS,2016-10-24,177
EMS,2016-10-25,166
EMS,2016-10-26,153
EMS,2016-10-27,148
EMS,2016-10-28,192
EMS,2016-10-29,163
EMS,2016-10-30,160
EMS,2016-10-31,170
EMS,2016-11-01,154
EMS,2016-11-02,174
EMS,2016-11-03,197
EMS,2016-11-04,175
EMS,2016-11-05,155
EMS,2016-11-06,157
EMS,2016-11-07,184
EMS,2016-11-08,182
EMS,2016-11-09,168
EMS,2016-11-10,192
EMS,2016-11-11,197
EMS,2016-11-12,180
EMS,2016-11-13,164
EMS,2016-11-14,187
EMS,2016-11-15,176
EMS,2016-11-16,169
EMS,2016-11-17,172
EMS,2016-11-18,192
EMS,2016-11-19,202
EMS,2016-11-20,161
EMS,2016-11-21,183
EMS,2016-11-22,172
EMS,2016-11-23,163
EMS,2016-11-24,192
EMS,2016-11-25,179
EMS,2016-11-26,176
EMS,2016-11-27,154
EMS,2016-11-28,180
EMS,2016-11-29,189
EMS,2016-11-30,186
EMS,2016-12-01,178
EMS,2016-12-02,178
EMS,2016-12-03,186
EMS,2016-12-04,151
EMS,2016-12-05,197
EMS,2016-12-06,181
EMS,2016-12-07,159
EMS,2016-12-08,188
EMS,2016-12-09,170
EMS,2016-12-10,149
EMS,2016-12-11,155
EMS,2016-12-12,188
EMS,2016-12-13,171
EMS,2016-12-14,202
EMS,2016-12-15,176
EMS,2016-12-16,170
EMS,2016-12-17,179
EMS,2016-12-18,176
EMS,2016-12-19,173
EMS,2016-12-20,166
EMS,2016-12-21,201
EMS,2016-12-22,170
EMS,2016-12-23,155
EMS,2016-12-24,179
EMS,2016-12-25,181
EMS,2016-12-26,189
EMS,2016-12-27,200
EMS,2016-12-28,188
EMS,2016-12-29,189
EMS,2016-12-30,191
EMS,2016-12-31,197
EMS,2017-01-01,187
EMS,2017-01-02,169
EMS,2017-01-03,219
EMS,2017-01-04,194
EMS,2017-01-05,180
EMS,2017-01-06,183
EMS,2017-01-07,187
EMS,2017-01-08,170
EMS,2017-01-09,173
EMS,2017-01-10,175
EMS,2017-01-11,209
EMS,2017-01-12,205
EMS,2017-01-13,205
EMS,2017-01-14,164
EMS,2017-01-15,186
EMS,2017-01-16,166
EMS,2017-01-17,170
EMS,2017-01-18,160
EMS,2017-01-19,187
EMS,2017-01-20,186
EMS,2017-01-21,154
EMS,2017-01-22,142
EMS,2017-01-23,199
EMS,2017-01-24,179
EMS,2017-01-25,192
EMS,2017-01-26,184
EMS,2017-01-27,186
EMS,2017-01-28,181
EMS,2017-01-29,162
EMS,2017-01-30,191
EMS,2017-01-31,161
EMS,2017-02-01,204
EMS,2017-02-02,187
EMS,2017-02-03,184
EMS,2017-02-04,153
EMS,2017-02-05,147
EMS,2017-02-06,200
EMS,2017-02-07,179
EMS,2017-02-08,184
EMS,2017-02-09,155
EMS,2017-02-10,187
EMS,2017-02-11,182
EMS,2017-02-12,139
EMS,2017-02-13,189
EMS,2017-02-14,174
EMS,2017-02-15,168
EMS,2017-02-16,180
EMS,2017-02-17,191
EMS,2017-02-18,199
EMS,2017-02-19,168
EMS,2017-02-20,161
EMS,2017-02-21,172
EMS,2017-02-22,205
EMS,2017-02-23,160
EMS,2017-02-24,198
EMS,2017-02-25,192
EMS,2017-02-26,165
EMS,2017-02-27,198
EMS,2017-02-28,199
EMS,2017-03-01,187
EMS,2017-03-02,186
EMS,2017-03-03,155
EMS,2017-03-04,169
EMS,2017-03-05,159
EMS,2017-03-06,185
EMS,2017-03-07,177
EMS,2017-03-08,170
EMS,2017-03-09,178
EMS,2017-03-10,172
EMS,2017-03-11,163
EMS,2017-03-12,170
EMS,2017-03-13,201
EMS,2017-03-14,168
EMS,2017-03-15,189
EMS,2017-03-16,168
EMS,2017-03-17,189
EMS,2017-03-18,166
EMS,2017-03-19,141
EMS,2017-03-20,185
EMS,2017-03-21,194
EMS,2017-03-22,173
EMS,2017-03-23,186
EMS,2017-03-24,188
EMS,2017-03-25,162
EMS,2017-03-26,168
EMS,2017-03-27,194
EMS,2017-03-28,202
EMS,2017-03-29,179
EMS,2017-03-30,160
EMS,2017-03-31,169
EMS,2017-04-01,158
EMS,2017-04-02,169
EMS,2017-04-03,205
EMS,2017-04-04,219
EMS,2017-04-05,178
EMS,2017-04-06,177
EMS,2017-04-07,182
EMS,2017-04-08,197
EMS,2017-04-09,191
EMS,2017-04-10,190
EMS,2017-04-11,195
EMS,2017-04-12,162
EMS,2017-04-13,173
EMS,2017-04-14,169
EMS,2017-04-15,156
EMS,2017-04-16,141
EMS,2017-04-17,169
EMS,2017-04-18,167
EMS,2017-04-19,172
EMS,2017-04-20,156
EMS,2017-04-21,172
EMS,2017-04-22,164
EMS,2017-04-23,158
EMS,2017-04-24,194
EMS,2017-04-25,161
EMS,2017-04-26,181
EMS,2017-04-27,186
EMS,2017-04-28,192
EMS,2017-04-29,193
EMS,2017-04-30,155
EMS,2017-05-01,157
EMS,2017-05-02,199
EMS,2017-05-03,172
EMS,2017-05-04,162
EMS,2017-05-05,151
EMS,2017-05-06,113
EMS,2017-05-07,132
EMS,2017-05-08,149
EMS,2017-05-09,187
EMS,2017-05-10,209
EMS,2017-05-11,172
EMS,2017-05-12,162
EMS,2017-05-13,154
EMS,2017-05-14,186
EMS,2017-05-15,211
EMS,2017-05-16,184
EMS,2017-05-17,219
EMS,2017-05-18,195
EMS,2017-05-19,208
EMS,2017-05-20,169
EMS,2017-05-21,160
EMS,2017-05-22,167
EMS,2017-05-23,184
EMS,2017-05-24,181
EMS,2017-05-25,196
EMS,2017-05-26,173
EMS,2017-05-27,182
EMS,2017-05-28,147
EMS,2017-05-29,148
EMS,2017-05-30,195
EMS,2017-05-31,191
EMS,2017-06-01,173
EMS,2017-06-02,155
EMS,2017-06-03,204
EMS,2017-06-04,156
EMS,2017-06-05,176
EMS,2017-06-06,202
EMS,2017-06-07,179
EMS,2017-06-08,176
EMS,2017-06-09,198
EMS,2017-06-10,191
EMS,2017-06-11,193
EMS,2017-06-12,197
EMS,2017-06-13,188
EMS,2017-06-14,175
EMS,2017-06-15,172
EMS,2017-06-16,203
EMS,2017-06-17,176
EMS,2017-06-18,174
EMS,2017-06-19,198
EMS,2017-06-20,181
EMS,2017-06-21,192
EMS,2017-06-22,199
EMS,2017-06-23,173
EMS,2017-06-24,191
EMS,2017-06-25,168
EMS,2017-06-26,157
EMS,2017-06-27,163
EMS,2017-06-28,202
EMS,2017-06-29,188
EMS,2017-06-30,207
EMS,2017-07-01,177
EMS,2017-07-02,203
EMS,2017-07-03,179
EMS,2017-07-04,167
EMS,2017-07-05,179
EMS,2017-07-06,181
EMS,2017-07-07,179
EMS,2017-07-08,133
EMS,2017-07-09,167
EMS,2017-07-10,179
EMS,2017-07-11,173
EMS,2017-07-12,177
EMS,2017-07-13,159
EMS,2017-07-14,152
EMS,2017-07-15,198
EMS,2017-07-16,173
EMS,2017-07-17,172
EMS,2017-07-18,174
EMS,2017-07-19,187
EMS,2017-07-20,178
EMS,2017-07-21,207
EMS,2017-07-22,191
EMS,2017-07-23,135
EMS,2017-07-24,174
EMS,2017-07-25,198
EMS,2017-07-26,177
EMS,2017-07-27,190
EMS,2017-07-28,191
EMS,2017-07-29,165
EMS,2017-07-30,150
EMS,2017-07-31,177
EMS,2017-08-01,198
EMS,2017-08-02,177
EMS,2017-08-03,189
EMS,2017-08-04,207
EMS,2017-08-05,142
EMS,2017-08-06,155
EMS,2017-08-07,167
EMS,2017-08-08,155
EMS,2017-08-09,158
EMS,2017-08-10,159
EMS,2017-08-11,191
EMS,2017-08-12,154
EMS,2017-08-13,162
EMS,2017-08-14,166
EMS,2017-08-15,168
EMS,2017-08-16,182
EMS,2017-08-17,168
EMS,2017-08-18,178
EMS,2017-08-19,188
EMS,2017-08-20,173
EMS,2017-08-21,168
EMS,2017-08-22,177
EMS,2017-08-23,191
EMS,2017-08-24,173
EMS,2017-08-25,178
EMS,2017-08-26,180
EMS,2017-08-27,139
EMS,2017-08-28,148
EMS,2017-08-29,194
EMS,2017-08-30,180
EMS,2017-08-31,189
EMS,2017-09-01,172
EMS,2017-09-02,167
EMS,2017-09-03,162
EMS,2017-09-04,162
EMS,2017-09-05,209
EMS,2017-09-06,180
EMS,2017-09-07,194
EMS,2017-09-08,172
EMS,2017-09-09,165
EMS,2017-09-10,165
EMS,2017-09-11,163
EMS,2017-09-12,174
EMS,2017-09-13,175
EMS,2017-09-14,188
EMS,2017-09-15,181
EMS,2017-09-16,165
EMS,2017-09-17,175
EMS,2017-09-18,170
EMS,2017-09-19,164
EMS,2017-09-20,168
EMS,2017-09-21,156
EMS,2017-09-22,215
EMS,2017-09-23,192
EMS,2017-09-24,171
EMS,2017-09-25,184
EMS,2017-09-26,170
EMS,2017-09-27,191
EMS,2017-09-28,180
EMS,2017-09-29,196
EMS,2017-09-30,179
EMS,2017-10-01,162
EMS,2017-10-02,189
EMS,2017-10-03,194
EMS,2017-10-04,188
EMS,2017-10-05,194
EMS,2017-10-06,162
EMS,2017-10-07,209
EMS,2017-10-08,167
EMS,2017-10-09,201
EMS,2017-10-10,153
EMS,2017-10-11,187
EMS,2017-10-12,155
EMS,2017-10-13,152
EMS,2017-10-14,187
EMS,2017-10-15,154
EMS,2017-10-16,179
EMS,2017-10-17,182
EMS,2017-10-18,176
EMS,2017-10-19,189
EMS,2017-10-20,165
EMS,2017-10-21,205
EMS,2017-10-22,181
EMS,2017-10-23,191
EMS,2017-10-24,210
EMS,2017-10-25,176
EMS,2017-10-26,172
EMS,2017-10-27,179
EMS,2017-10-28,170
EMS,2017-10-29,180
EMS,2017-10-30,177
EMS,2017-10-31,201
EMS,2017-11-01,174
EMS,2017-11-02,159
EMS,2017-11-03,186
EMS,2017-11-04,160
EMS,2017-11-05,152
EMS,2017-11-06,177
EMS,2017-11-07,201
EMS,2017-11-08,163
EMS,2017-11-09,150
EMS,2017-11-10,184
EMS,2017-11-11,161
EMS,2017-11-12,169
EMS,2017-11-13,163
EMS,2017-11-14,178
EMS,2017-11-15,197
EMS,2017-11-16,197
EMS,2017-11-17,178
EMS,2017-11-18,177
EMS,2017-11-19,173
EMS,2017-11-20,204
EMS,2017-11-21,188
EMS,2017-11-22,177
EMS,2017-11-23,180
EMS,2017-11-24,176
EMS,2017-11-25,183
EMS,2017-11-26,145
EMS,2017-11-27,176
EMS,2017-11-28,199
EMS,2017-11-29,165
EMS,2017-11-30,186
EMS,2017-12-01,205
EMS,2017-12-02,172
EMS,2017-12-03,168
EMS,2017-12-04,181
EMS,2017-12-05,189
EMS,2017-12-06,165
EMS,2017-12-07,166
EMS,2017-12-08,228
EMS,2017-12-09,182
EMS,2017-12-10,169
EMS,2017-12-11,180
EMS,2017-12-12,192
EMS,2017-12-13,206
EMS,2017-12-14,202
EMS,2017-12-15,171
EMS,2017-12-16,169
EMS,2017-12-17,160
EMS,2017-12-18,187
EMS,2017-12-19,206
EMS,2017-12-20,179
EMS,2017-12-21,181
EMS,2017-12-22,192
EMS,2017-12-23,168
EMS,2017-12-24,221
EMS,2017-12-25,159
EMS,2017-12-26,183
EMS,2017-12-27,174
EMS,2017-12-28,149
EMS,2017-12-29,203
EMS,2017-12-30,183
EMS,2017-12-31,198
EMS,2018-01-01,179
EMS,2018-01-02,192
EMS,2018-01-03,214
EMS,2018-01-04,193
EMS,2018-01-05,237
EMS,2018-01-06,199
EMS,2018-01-07,186
EMS,2018-01-08,199
EMS,2018-01-09,198
EMS,2018-01-10,183
EMS,2018-01-11,169
EMS,2018-01-12,217
EMS,2018-01-13,172
EMS,2018-01-14,169
EMS,2018-01-15,190
EMS,2018-01-16,174
EMS,2018-01-17,183
EMS,2018-01-18,203
EMS,2018-01-19,193
EMS,2018-01-20,160
EMS,2018-01-21,168
EMS,2018-01-22,193
EMS,2018-01-23,188
EMS,2018-01-24,175
EMS,2018-01-25,213
EMS,2018-01-26,168
EMS,2018-01-27,170
EMS,2018-01-28,180
EMS,2018-01-29,180
EMS,2018-01-30,200
EMS,2018-01-31,171
EMS,2018-02-01,195
EMS,2018-02-02,183
EMS,2018-02-03,176
EMS,2018-02-04,158
EMS,2018-02-05,236
EMS,2018-02-06,170
EMS,2018-02-07,198
EMS,2018-02-08,193
EMS,2018-02-09,226
EMS,2018-02-10,192
EMS,2018-02-11,171
EMS,2018-02-12,189
EMS,2018-02-13,193
EMS,2018-02-14,210
EMS,2018-02-15,187
EMS,2018-02-16,207
EMS,2018-02-17,147
EMS,2018-02-18,182
EMS,2018-02-19,191
EMS,2018-02-20,178
EMS,2018-02-21,201
EMS,2018-02-22,174
EMS,2018-02-23,189
EMS,2018-02-24,179
EMS,2018-02-25,183
EMS,2018-02-26,193
EMS,2018-02-27,196
EMS,2018-02-28,169
EMS,2018-03-01,195
EMS,2018-03-02,250
EMS,2018-03-03,222
EMS,2018-03-04,155
EMS,2018-03-05,192
EMS,2018-03-06,183
EMS,2018-03-07,172
EMS,2018-03-08,221
EMS,2018-03-09,199
EMS,2018-03-10,187
EMS,2018-03-11,166
EMS,2018-03-12,158
EMS,2018-03-13,169
EMS,2018-03-14,191
EMS,2018-03-15,191
EMS,2018-03-16,190
EMS,2018-03-17,163
EMS,2018-03-18,168
EMS,2018-03-19,189
EMS,2018-03-20,156
EMS,2018-03-21,183
EMS,2018-03-22,181
EMS,2018-03-23,196
EMS,2018-03-24,182
EMS,2018-03-25,163
EMS,2018-03-26,175
EMS,2018-03-27,170
EMS,2018-03-28,179
EMS,2018-03-29,185
EMS,2018-03-30,143
EMS,2018-03-31,175
EMS,2018-04-01,163
EMS,2018-04-02,173
EMS,2018-04-03,178
EMS,2018-04-04,197
EMS,2018-04-05,165
EMS,2018-04-06,214
EMS,2018-04-07,145
EMS,2018-04-08,163
EMS,2018-04-09,183
EMS,2018-04-10,149
EMS,2018-04-11,191
EMS,2018-04-12,178
EMS,2018-04-13,197
EMS,2018-04-14,173
EMS,2018-04-15,172
EMS,2018-04-16,196
EMS,2018-04-17,179
EMS,2018-04-18,171
EMS,2018-04-19,179
EMS,2018-04-20,195
EMS,2018-04-21,183
EMS,2018-04-22,197
EMS,2018-04-23,186
EMS,2018-04-24,148
EMS,2018-04-25,178
EMS,2018-04-26,202
EMS,2018-04-27,170
EMS,2018-04-28,177
EMS,2018-04-29,159
EMS,2018-04-30,177
EMS,2018-05-01,187
EMS,2018-05-02,185
EMS,2018-05-03,215
EMS,2018-05-04,180
EMS,2018-05-05,166
EMS,2018-05-06,163
EMS,2018-05-07,190
EMS,2018-05-08,177
EMS,2018-05-09,180
EMS,2018-05-10,178
EMS,2018-05-11,164
EMS,2018-05-12,202
EMS,2018-05-13,149
EMS,2018-05-14,184
EMS,2018-05-15,197
EMS,2018-05-16,184
EMS,2018-05-17,191
EMS,2018-05-18,179
EMS,2018-05-19,178
EMS,2018-05-20,177
EMS,2018-05-21,194
EMS,2018-05-22,180
EMS,2018-05-23,159
EMS,2018-05-24,193
EMS,2018-05-25,177
EMS,2018-05-26,191
EMS,2018-05-27,148
EMS,2018-05-28,163
EMS,2018-05-29,205
EMS,2018-05-30,173
EMS,2018-05-31,169
EMS,2018-06-01,191
EMS,2018-06-02,147
EMS,2018-06-03,156
EMS,2018-06-04,198
EMS,2018-06-05,185
EMS,2018-06-06,159
EMS,2018-06-07,187
EMS,2018-06-08,188
EMS,2018-06-09,155
EMS,2018-06-10,156
EMS,2018-06-11,162
EMS,2018-06-12,167
EMS,2018-06-13,164
EMS,2018-06-14,193
EMS,2018-06-15,204
EMS,2018-06-16,186
EMS,2018-06-17,170
EMS,2018-06-18,199
EMS,2018-06-19,163
EMS,2018-06-20,156
EMS,2018-06-21,187
EMS,2018-06-22,158
EMS,2018-06-23,183
EMS,2018-06-24,178
EMS,2018-06-25,177
EMS,2018-06-26,177
EMS,2018-06-27,183
EMS,2018-06-28,210
EMS,2018-06-29,184
EMS,2018-06-30,196
EMS,2018-07-01,186
EMS,2018-07-02,193
EMS,2018-07-03,189
EMS,2018-07-04,160
EMS,2018-07-05,194
EMS,2018-07-06,170
EMS,2018-07-07,172
EMS,2018-07-08,150
EMS,2018-07-09,205
EMS,2018-07-10,188
EMS,2018-07-11,200
EMS,2018-07-12,201
EMS,2018-07-13,173
EMS,2018-07-14,173
EMS,2018-07-15,184
EMS,2018-07-16,185
EMS,2018-07-17,197
EMS,2018-07-18,180
EMS,2018-07-19,181
EMS,2018-07-20,183
EMS,2018-07-21,141
EMS,2018-07-22,168
EMS,2018-07-23,165
EMS,2018-07-24,166
EMS,2018-07-25,168
EMS,2018-07-26,177
EMS,2018-07-27,187
EMS,2018-07-28,193
EMS,2018-07-29,166
EMS,2018-07-30,179
EMS,2018-07-31,184
EMS,2018-08-01,162
EMS,2018-08-02,159
EMS,2018-08-03,160
EMS,2018-08-04,170
EMS,2018-08-05,192
EMS,2018-08-06,189
EMS,2018-08-07,203
EMS,2018-08-08,208
EMS,2018-08-09,172
EMS,2018-08-10,210
EMS,2018-08-11,170
EMS,2018-08-12,141
EMS,2018-08-13,248
EMS,2018-08-14,164
EMS,2018-08-15,180
EMS,2018-08-16,175
EMS,2018-08-17,180
EMS,2018-08-18,180
EMS,2018-08-19,189
EMS,2018-08-20,176
EMS,2018-08-21,173
EMS,2018-08-22,175
EMS,2018-08-23,170
EMS,2018-08-24,174
EMS,2018-08-25,159
EMS,2018-08-26,175
EMS,2018-08-27,206
EMS,2018-08-28,177
EMS,2018-08-29,193
EMS,2018-08-30,152
EMS,2018-08-31,180
EMS,2018-09-01,196
EMS,2018-09-02,169
EMS,2018-09-03,167
EMS,2018-09-04,197
EMS,2018-09-05,185
EMS,2018-09-06,189
EMS,2018-09-07,203
EMS,2018-09-08,167
EMS,2018-09-09,158
EMS,2018-09-10,194
EMS,2018-09-11,183
EMS,2018-09-12,190
EMS,2018-09-13,158
EMS,2018-09-14,179
EMS,2018-09-15,189
EMS,2018-09-16,175
EMS,2018-09-17,193
EMS,2018-09-18,175
EMS,2018-09-19,223
EMS,2018-09-20,182
EMS,2018-09-21,182
EMS,2018-09-22,190
EMS,2018-09-23,155
EMS,2018-09-24,171
EMS,2018-09-25,169
EMS,2018-09-26,229
EMS,2018-09-27,181
EMS,2018-09-28,195
EMS,2018-09-29,192
EMS,2018-09-30,174
EMS,2018-10-01,184
EMS,2018-10-02,183
EMS,2018-10-03,195
EMS,2018-10-04,183
EMS,2018-10-05,191
EMS,2018-10-06,204
EMS,2018-10-07,183
EMS,2018-10-08,183
EMS,2018-10-09,196
EMS,2018-10-10,198
EMS,2018-10-11,197
EMS,2018-10-12,181
EMS,2018-10-13,157
EMS,2018-10-14,170
EMS,2018-10-15,220
EMS,2018-10-16,189
EMS,2018-10-17,203
EMS,2018-10-18,178
EMS,2018-10-19,155
EMS,2018-10-20,205
EMS,2018-10-21,165
EMS,2018-10-22,197
EMS,2018-10-23,197
EMS,2018-10-24,161
EMS,2018-10-25,186
EMS,2018-10-26,201
EMS,2018-10-27,175
EMS,2018-10-28,160
EMS,2018-10-29,220
EMS,2018-10-30,182
EMS,2018-10-31,220
EMS,2018-11-01,158
EMS,2018-11-02,208
EMS,2018-11-03,215
EMS,2018-11-04,163
EMS,2018-11-05,179
EMS,2018-11-06,195
EMS,2018-11-07,195
EMS,2018-11-08,195
EMS,2018-11-09,186
EMS,2018-11-10,172
EMS,2018-11-11,150
EMS,2018-11-12,192
EMS,2018-11-13,168
EMS,2018-11-14,176
EMS,2018-11-15,191
EMS,2018-11-16,158
EMS,2018-11-17,159
EMS,2018-11-18,158
EMS,2018-11-19,192
EMS,2018-11-20,170
EMS,2018-11-21,173
EMS,2018-11-22,169
EMS,2018-11-23,189
EMS,2018-11-24,183
EMS,2018-11-25,179
EMS,2018-11-26,217
EMS,2018-11-27,195
EMS,2018-11-28,197
EMS,2018-11-29,195
EMS,2018-11-30,177
EMS,2018-12-01,184
EMS,2018-12-02,149
EMS,2018-12-03,194
EMS,2018-12-04,166
EMS,2018-12-05,163
EMS,2018-12-06,181
EMS,2018-12-07,186
EMS,2018-12-08,153
EMS,2018-12-09,185
EMS,2018-12-10,205
EMS,2018-12-11,184
EMS,2018-12-12,187
EMS,2018-12-13,176
EMS,2018-12-14,186
EMS,2018-12-15,179
EMS,2018-12-16,183
EMS,2018-12-17,193
EMS,2018-12-18,187
EMS,2018-12-19,174
EMS,2018-12-20,174
EMS,2018-12-21,212
EMS,2018-12-22,200
EMS,2018-12-23,197
EMS,2018-12-24,189
EMS,2018-12-25,148
EMS,2018-12-26,180
EMS,2018-12-27,175
EMS,2018-12-28,212
EMS,2018-12-29,179
EMS,2018-12-30,143
EMS,2018-12-31,204
EMS,2019-01-01,169
EMS,2019-01-02,175
EMS,2019-01-03,191
EMS,2019-01-04,189
EMS,2019-01-05,192
EMS,2019-01-06,169
EMS,2019-01-07,204
EMS,2019-01-08,206
EMS,2019-01-09,182
EMS,2019-01-10,178
EMS,2019-01-11,194
EMS,2019-01-12,171
EMS,2019-01-13,158
EMS,2019-01-14,190
EMS,2019-01-15,166
EMS,2019-01-16,178
EMS,2019-01-17,171
EMS,2019-01-18,193
EMS,2019-01-19,168
EMS,2019-01-20,185
EMS,2019-01-21,173
EMS,2019-01-22,212
EMS,2019-01-23,189
EMS,2019-01-24,192
EMS,2019-01-25,187
EMS,2019-01-26,179
EMS,2019-01-27,170
EMS,2019-01-28,198
EMS,2019-01-29,182
EMS,2019-01-30,173
EMS,2019-01-31,155
EMS,2019-02-01,193
EMS,2019-02-02,178
EMS,2019-02-03,170
EMS,2019-02-04,210
EMS,2019-02-05,222
EMS,2019-02-06,194
EMS,2019-02-07,196
EMS,2019-02-08,185
EMS,2019-02-09,181
EMS,2019-02-10,160
EMS,2019-02-11,199
EMS,2019-02-12,185
EMS,2019-02-13,208
EMS,2019-02-14,192
EMS,2019-02-15,208
EMS,2019-02-16,159
EMS,2019-02-17,176
EMS,2019-02-18,192
EMS,2019-02-19,190
EMS,2019-02-20,174
EMS,2019-02-21,169
EMS,2019-02-22,195
EMS,2019-02-23,158
EMS,2019-02-24,178
EMS,2019-02-25,198
EMS,2019-02-26,192
EMS,2019-02-27,161
EMS,2019-02-28,179
EMS,2019-03-01,204
EMS,2019-03-02,185
EMS,2019-03-03,177
EMS,2019-03-04,205
EMS,2019-03-05,189
EMS,2019-03-06,201
EMS,2019-03-07,191
EMS,2019-03-08,181
EMS,2019-03-09,196
EMS,2019-03-10,166
EMS,2019-03-11,199
EMS,2019-03-12,179
EMS,2019-03-13,181
EMS,2019-03-14,182
EMS,2019-03-15,210
EMS,2019-03-16,164
EMS,2019-03-17,184
EMS,2019-03-18,189
EMS,2019-03-19,191
EMS,2019-03-20,207
EMS,2019-03-21,165
EMS,2019-03-22,197
EMS,2019-03-23,184
EMS,2019-03-24,191
EMS,2019-03-25,183
EMS,2019-03-26,195
EMS,2019-03-27,195
EMS,2019-03-28,204
EMS,2019-03-29,189
EMS,2019-03-30,186
EMS,2019-03-31,189
EMS,2019-04-01,201
EMS,2019-04-02,196
EMS,2019-04-03,202
EMS,2019-04-04,193
EMS,2019-04-05,178
EMS,2019-04-06,209
EMS,2019-04-07,195
EMS,2019-04-08,192
EMS,2019-04-09,195
EMS,2019-04-10,173
EMS,2019-04-11,189
EMS,2019-04-12,171
EMS,2019-04-13,202
EMS,2019-04-14,192
EMS,2019-04-15,162
EMS,2019-04-16,178
EMS,2019-04-17,198
EMS,2019-04-18,161
EMS,2019-04-19,199
EMS,2019-04-20,180
EMS,2019-04-21,164
EMS,2019-04-22,188
EMS,2019-04-23,198
EMS,2019-04-24,192
EMS,2019-04-25,162
EMS,2019-04-26,194
EMS,2019-04-27,181
EMS,2019-04-28,158
EMS,2019-04-29,183
EMS,2019-04-30,188
EMS,2019-05-01,182
EMS,2019-05-02,205
EMS,2019-05-03,195
EMS,2019-05-04,180
EMS,2019-05-05,140
EMS,2019-05-06,187
EMS,2019-05-07,198
EMS,2019-05-08,199
EMS,2019-05-09,170
EMS,2019-05-10,196
EMS,2019-05-11,207
EMS,2019-05-12,152
EMS,2019-05-13,193
EMS,2019-05-14,184
EMS,2019-05-15,182
EMS,2019-05-16,198
EMS,2019-05-17,202
EMS,2019-05-18,219
EMS,2019-05-19,224
EMS,2019-05-20,218
EMS,2019-05-21,182
EMS,2019-05-22,182
EMS,2019-05-23,176
EMS,2019-05-24,202
EMS,2019-05-25,166
EMS,2019-05-26,167
EMS,2019-05-27,187
EMS,2019-05-28,195
EMS,2019-05-29,196
EMS,2019-05-30,174
EMS,2019-05-31,196
EMS,2019-06-01,177
EMS,2019-06-02,167
EMS,2019-06-03,173
EMS,2019-06-04,192
EMS,2019-06-05,211
EMS,2019-06-06,184
EMS,2019-06-07,213
EMS,2019-06-08,195
EMS,2019-06-09,168
EMS,2019-06-10,182
EMS,2019-06-11,180
EMS,2019-06-12,160
EMS,2019-06-13,178
EMS,2019-06-14,189
EMS,2019-06-15,198
EMS,2019-06-16,186
EMS,2019-06-17,180
EMS,2019-06-18,191
EMS,2019-06-19,170
EMS,2019-06-20,181
EMS,2019-06-21,184
EMS,2019-06-22,176
EMS,2019-06-23,177
EMS,2019-06-24,197
EMS,2019-06-25,183
EMS,2019-06-26,198
EMS,2019-06-27,190
EMS,2019-06-28,201
EMS,2019-06-29,172
EMS,2019-06-30,179
EMS,2019-07-01,192
EMS,2019-07-02,187
EMS,2019-07-03,176
EMS,2019-07-04,184
EMS,2019-07-05,173
EMS,2019-07-06,191
EMS,2019-07-07,172
EMS,2019-07-08,175
EMS,2019-07-09,205
EMS,2019-07-10,177
EMS,2019-07-11,176
EMS,2019-07-12,186
EMS,2019-07-13,189
EMS,2019-07-14,177
EMS,2019-07-15,204
EMS,2019-07-16,193
EMS,2019-07-17,193
EMS,2019-07-18,186
EMS,2019-07-19,208
EMS,2019-07-20,184
EMS,2019-07-21,235
EMS,2019-07-22,208
EMS,2019-07-23,185
EMS,2019-07-24,189
EMS,2019-07-25,175
EMS,2019-07-26,191
EMS,2019-07-27,184
EMS,2019-07-28,185
EMS,2019-07-29,189
EMS,2019-07-30,197
EMS,2019-07-31,196
EMS,2019-08-01,197
EMS,2019-08-02,195
EMS,2019-08-03,193
EMS,2019-08-04,184
EMS,2019-08-05,180
EMS,2019-08-06,201
EMS,2019-08-07,195
EMS,2019-08-08,187
EMS,2019-08-09,200
EMS,2019-08-10,204
EMS,2019-08-11,167
EMS,2019-08-12,192
EMS,2019-08-13,187
EMS,2019-08-14,195
EMS,2019-08-15,196
EMS,2019-08-16,184
EMS,2019-08-17,162
EMS,2019-08-18,182
EMS,2019-08-19,210
EMS,2019-08-20,194
EMS,2019-08-21,183
EMS,2019-08-22,194
EMS,2019-08-23,179
EMS,2019-08-24,180
EMS,2019-08-25,180
EMS,2019-08-26,197
EMS,2019-08-27,180
EMS,2019-08-28,203
EMS,2019-08-29,190
EMS,2019-08-30,201
EMS,2019-08-31,198
EMS,2019-09-01,174
EMS,2019-09-02,138
EMS,2019-09-03,209
EMS,2019-09-04,187
EMS,2019-09-05,178
EMS,2019-09-06,153
EMS,2019-09-07,205
EMS,2019-09-08,177
EMS,2019-09-09,206
EMS,2019-09-10,172
EMS,2019-09-11,208
EMS,2019-09-12,191
EMS,2019-09-13,201
EMS,2019-09-14,203
EMS,2019-09-15,191
EMS,2019-09-16,195
EMS,2019-09-17,196
EMS,2019-09-18,197
EMS,2019-09-19,204
EMS,2019-09-20,210
EMS,2019-09-21,216
EMS,2019-09-22,191
EMS,2019-09-23,227
EMS,2019-09-24,192
EMS,2019-09-25,217
EMS,2019-09-26,205
EMS,2019-09-27,204
EMS,2019-09-28,197
EMS,2019-09-29,190
EMS,2019-09-30,200
EMS,2019-10-01,172
EMS,2019-10-02,200
EMS,2019-10-03,170
EMS,2019-10-04,189
EMS,2019-10-05,185
EMS,2019-10-06,194
EMS,2019-10-07,200
EMS,2019-10-08,188
EMS,2019-10-09,194
EMS,2019-10-10,191
EMS,2019-10-11,191
EMS,2019-10-12,196
EMS,2019-10-13,196
EMS,2019-10-14,220
EMS,2019-10-15,203
EMS,2019-10-16,172
EMS,2019-10-17,196
EMS,2019-10-18,206
EMS,2019-10-19,190
EMS,2019-10-20,171
EMS,2019-10-21,207
EMS,2019-10-22,174
EMS,2019-10-23,215
EMS,2019-10-24,195
EMS,2019-10-25,173
EMS,2019-10-26,194
EMS,2019-10-27,164
EMS,2019-10-28,166
EMS,2019-10-29,202
EMS,2019-10-30,189
EMS,2019-10-31,212
EMS,2019-11-01,205
EMS,2019-11-02,193
EMS,2019-11-03,117
EMS,2019-11-04,199
EMS,2019-11-05,176
EMS,2019-11-06,194
EMS,2019-11-07,205
EMS,2019-11-08,188
EMS,2019-11-09,190
EMS,2019-11-10,189
EMS,2019-11-11,205
EMS,2019-11-12,187
EMS,2019-11-13,192
EMS,2019-11-14,159
EMS,2019-11-15,214
EMS,2019-11-16,180
EMS,2019-11-17,185
EMS,2019-11-18,181
EMS,2019-11-19,185
EMS,2019-11-20,193
EMS,2019-11-21,193
EMS,2019-11-22,195
EMS,2019-11-23,193
EMS,2019-11-24,184
EMS,2019-11-25,181
EMS,2019-11-26,232
EMS,2019-11-27,178
EMS,2019-11-28,190
EMS,2019-11-29,195
EMS,2019-11-30,173
EMS,2019-12-01,170
EMS,2019-12-02,171
EMS,2019-12-03,187
EMS,2019-12-04,221
EMS,2019-12-05,193
EMS,2019-12-06,219
EMS,2019-12-07,203
EMS,2019-12-08,169
EMS,2019-12-09,181
EMS,2019-12-10,213
EMS,2019-12-11,190
EMS,2019-12-12,187
EMS,2019-12-13,228
EMS,2019-12-14,210
EMS,2019-12-15,165
EMS,2019-12-16,201
EMS,2019-12-17,223
EMS,2019-12-18,194
EMS,2019-12-19,186
EMS,2019-12-20,210
EMS,2019-12-21,174
EMS,2019-12-22,186
EMS,2019-12-23,216
EMS,2019-12-24,183
EMS,2019-12-25,196
EMS,2019-12-26,204
EMS,2019-12-27,208
EMS,2019-12-28,192
EMS,2019-12-29,201
EMS,2019-12-30,199
EMS,2019-12-31,213
EMS,2020-01-01,190
EMS,2020-01-02,224
EMS,2020-01-03,200
EMS,2020-01-04,219
EMS,2020-01-05,177
EMS,2020-01-06,180
EMS,2020-01-07,197
EMS,2020-01-08,200
EMS,2020-01-09,193
EMS,2020-01-10,203
EMS,2020-01-11,196
EMS,2020-01-12,175
EMS,2020-01-13,186
EMS,2020-01-14,218
EMS,2020-01-15,221
EMS,2020-01-16,207
EMS,2020-01-17,190
EMS,2020-01-18,191
EMS,2020-01-19,170
EMS,2020-01-20,213
EMS,2020-01-21,185
EMS,2020-01-22,192
EMS,2020-01-23,199
EMS,2020-01-24,198
EMS,2020-01-25,177
EMS,2020-01-26,186
EMS,2020-01-27,188
EMS,2020-01-28,191
EMS,2020-01-29,197
EMS,2020-01-30,181
EMS,2020-01-31,165
EMS,2020-02-01,191
EMS,2020-02-02,181
EMS,2020-02-03,224
EMS,2020-02-04,194
EMS,2020-02-05,178
EMS,2020-02-06,218
EMS,2020-02-07,187
EMS,2020-02-08,186
EMS,2020-02-09,192
EMS,2020-02-10,207
EMS,2020-02-11,196
EMS,2020-02-12,216
EMS,2020-02-13,221
EMS,2020-02-14,175
EMS,2020-02-15,178
EMS,2020-02-16,186
EMS,2020-02-17,180
EMS,2020-02-18,201
EMS,2020-02-19,169
EMS,2020-02-20,215
EMS,2020-02-21,196
EMS,2020-02-22,185
EMS,2020-02-23,207
EMS,2020-02-24,194
EMS,2020-02-25,214
EMS,2020-02-26,173
EMS,2020-02-27,201
EMS,2020-02-28,224
EMS,2020-02-29,175
EMS,2020-03-01,191
EMS,2020-03-02,215
EMS,2020-03-03,189
EMS,2020-03-04,197
EMS,2020-03-05,191
EMS,2020-03-06,224
EMS,2020-03-07,184
EMS,2020-03-08,186
EMS,2020-03-09,224
EMS,2020-03-10,203
EMS,2020-03-11,186
EMS,2020-03-12,198
EMS,2020-03-13,191
EMS,2020-03-14,188
EMS,2020-03-15,164
EMS,2020-03-16,176
EMS,2020-03-17,179
EMS,2020-03-18,163
EMS,2020-03-19,153
EMS,2020-03-20,162
EMS,2020-03-21,177
EMS,2020-03-22,138
EMS,2020-03-23,123
EMS,2020-03-24,158
EMS,2020-03-25,152
EMS,2020-03-26,150
EMS,2020-03-27,154
EMS,2020-03-28,111
EMS,2020-03-29,141
EMS,2020-03-30,174
EMS,2020-03-31,165
EMS,2020-04-01,166
EMS,2020-04-02,166
EMS,2020-04-03,165
EMS,2020-04-04,151
EMS,2020-04-05,155
EMS,2020-04-06,176
EMS,2020-04-07,168
EMS,2020-04-08,200
EMS,2020-04-09,145
EMS,2020-04-10,157
EMS,2020-04-11,156
EMS,2020-04-12,153
EMS,2020-04-13,166
EMS,2020-04-14,160
EMS,2020-04-15,153
EMS,2020-04-16,144
EMS,2020-04-17,162
EMS,2020-04-18,160
EMS,2020-04-19,156
EMS,2020-04-20,177
EMS,2020-04-21,181
EMS,2020-04-22,172
EMS,2020-04-23,150
EMS,2020-04-24,145
EMS,2020-04-25,140
EMS,2020-04-26,140
EMS,2020-04-27,174
EMS,2020-04-28,153
EMS,2020-04-29,158
EMS,2020-04-30,151
EMS,2020-05-01,180
EMS,2020-05-02,151
EMS,2020-05-03,154
EMS,2020-05-04,147
EMS,2020-05-05,140
EMS,2020-05-06,169
EMS,2020-05-07,161
EMS,2020-05-08,176
EMS,2020-05-09,128
EMS,2020-05-10,119
EMS,2020-05-11,155
EMS,2020-05-12,138
EMS,2020-05-13,138
EMS,2020-05-14,166
EMS,2020-05-15,195
EMS,2020-05-16,146
EMS,2020-05-17,171
EMS,2020-05-18,174
EMS,2020-05-19,136
EMS,2020-05-20,150
EMS,2020-05-21,160
EMS,2020-05-22,179
EMS,2020-05-23,156
EMS,2020-05-24,131
EMS,2020-05-25,172
EMS,2020-05-26,184
EMS,2020-05-27,152
EMS,2020-05-28,161
EMS,2020-05-29,171
EMS,2020-05-30,168
EMS,2020-05-31,163
EMS,2020-06-01,161
EMS,2020-06-02,140
EMS,2020-06-03,244
EMS,2020-06-04,189
EMS,2020-06-05,211
EMS,2020-06-06,187
EMS,2020-06-07,187
EMS,2020-06-08,201
EMS,2020-06-09,212
EMS,2020-06-10,192
EMS,2020-06-11,171
EMS,2020-06-12,180
EMS,2020-06-13,156
EMS,2020-06-14,148
EMS,2020-06-15,180
EMS,2020-06-16,165
EMS,2020-06-17,157
EMS,2020-06-18,182
EMS,2020-06-19,176
EMS,2020-06-20,166
EMS,2020-06-21,167
EMS,2020-06-22,202
EMS,2020-06-23,176
EMS,2020-06-24,175
EMS,2020-06-25,171
EMS,2020-06-26,181
EMS,2020-06-27,188
Fire,2016-01-01,31
Fire,2016-01-02,34
Fire,2016-01-03,36
Fire,2016-01-04,56
Fire,2016-01-05,62
Fire,2016-01-06,69
Fire,2016-01-07,58
Fire,2016-01-08,50
Fire,2016-01-09,40
Fire,2016-01-10,60
Fire,2016-01-11,38
Fire,2016-01-12,52
Fire,2016-01-13,55
Fire,2016-01-14,55
Fire,2016-01-15,48
Fire,2016-01-16,26
Fire,2016-01-17,35
Fire,2016-01-18,48
Fire,2016-01-19,53
Fire,2016-01-20,47
Fire,2016-01-21,41
Fire,2016-01-22,53
Fire,2016-01-23,149
Fire,2016-01-24,143
Fire,2016-01-25,70
Fire,2016-01-26,48
Fire,2016-01-27,44
Fire,2016-01-28,48
Fire,2016-01-29,41
Fire,2016-01-30,42
Fire,2016-01-31,36
Fire,2016-02-01,42
Fire,2016-02-02,50
Fire,2016-02-03,68
Fire,2016-02-04,43
Fire,2016-02-05,47
Fire,2016-02-06,54
Fire,2016-02-07,35
Fire,2016-02-08,47
Fire,2016-02-09,46
Fire,2016-02-10,38
Fire,2016-02-11,43
Fire,2016-02-12,51
Fire,2016-02-13,46
Fire,2016-02-14,73
Fire,2016-02-15,78
Fire,2016-02-16,108
Fire,2016-02-17,57
Fire,2016-02-18,47
Fire,2016-02-19,40
Fire,2016-02-20,59
Fire,2016-02-21,40
Fire,2016-02-22,57
Fire,2016-02-23,45
Fire,2016-02-24,151
Fire,2016-02-25,74
Fire,2016-02-26,38
Fire,2016-02-27,56
Fire,2016-02-28,56
Fire,2016-02-29,43
Fire,2016-03-01,41
Fire,2016-03-02,62
Fire,2016-03-03,36
Fire,2016-03-04,39
Fire,2016-03-05,34
Fire,2016-03-06,42
Fire,2016-03-07,57
Fire,2016-03-08,56
Fire,2016-03-09,43
Fire,2016-03-10,42
Fire,2016-03-11,49
Fire,2016-03-12,50
Fire,2016-03-13,37
Fire,2016-03-14,48
Fire,2016-03-15,51
Fire,2016-03-16,40
Fire,2016-03-17,56
Fire,2016-03-18,43
Fire,2016-03-19,38
Fire,2016-03-20,34
Fire,2016-03-21,44
Fire,2016-03-22,34
Fire,2016-03-23,45
Fire,2016-03-24,40
Fire,2016-03-25,46
Fire,2016-03-26,48
Fire,2016-03-27,36
Fire,2016-03-28,58
Fire,2016-03-29,62
Fire,2016-03-30,53
Fire,2016-03-31,53
Fire,2016-04-01,48
Fire,2016-04-02,55
Fire,2016-04-03,127
Fire,2016-04-04,52
Fire,2016-04-05,34
Fire,2016-04-06,47
Fire,2016-04-07,55
Fire,2016-04-08,34
Fire,2016-04-09,40
Fire,2016-04-10,28
Fire,2016-04-11,24
Fire,2016-04-12,25
Fire,2016-04-13,41
Fire,2016-04-14,42
Fire,2016-04-15,56
Fire,2016-04-16,59
Fire,2016-04-17,42
Fire,2016-04-18,56
Fire,2016-04-19,67
Fire,2016-04-20,62
Fire,2016-04-21,58
Fire,2016-04-22,56
Fire,2016-04-23,41
Fire,2016-04-24,55
Fire,2016-04-25,57
Fire,2016-04-26,51
Fire,2016-04-27,39
Fire,2016-04-28,60
Fire,2016-04-29,43
Fire,2016-04-30,40
Fire,2016-05-01,17
Fire,2016-05-02,38
Fire,2016-05-03,41
Fire,2016-05-04,39
Fire,2016-05-05,47
Fire,2016-05-06,38
Fire,2016-05-07,43
Fire,2016-05-08,51
Fire,2016-05-09,37
Fire,2016-05-10,46
Fire,2016-05-11,46
Fire,2016-05-12,30
Fire,2016-05-13,57
Fire,2016-05-14,42
Fire,2016-05-15,26
Fire,2016-05-16,45
Fire,2016-05-17,43
Fire,2016-05-18,32
Fire,2016-05-19,45
Fire,2016-05-20,60
Fire,2016-05-21,39
Fire,2016-05-22,34
Fire,2016-05-23,54
Fire,2016-05-24,44
Fire,2016-05-25,59
Fire,2016-05-26,60
Fire,2016-05-27,42
Fire,2016-05-28,67
Fire,2016-05-29,50
Fire,2016-05-30,41
Fire,2016-05-31,44
Fire,2016-06-01,45
Fire,2016-06-02,46
Fire,2016-06-03,65
Fire,2016-06-04,45
Fire,2016-06-05,44
Fire,2016-06-06,54
Fire,2016-06-07,36
Fire,2016-06-08,68
Fire,2016-06-09,71
Fire,2016-06-10,65
Fire,2016-06-11,50
Fire,2016-06-12,71
Fire,2016-06-13,51
Fire,2016-06-14,49
Fire,2016-06-15,62
Fire,2016-06-16,51
Fire,2016-06-17,42
Fire,2016-06-18,35
Fire,2016-06-19,60
Fire,2016-06-20,49
Fire,2016-06-21,46
Fire,2016-06-22,52
Fire,2016-06-23,59
Fire,2016-06-24,52
Fire,2016-06-25,48
Fire,2016-06-26,46
Fire,2016-06-27,55
Fire,2016-06-28,40
Fire,2016-06-29,42
Fire,2016-06-30,55
Fire,2016-07-01,55
Fire,2016-07-02,48
Fire,2016-07-03,43
Fire,2016-07-04,49
Fire,2016-07-05,56
Fire,2016-07-06,51
Fire,2016-07-07,54
Fire,2016-07-08,47
Fire,2016-07-09,39
Fire,2016-07-10,46
Fire,2016-07-11,50
Fire,2016-07-12,46
Fire,2016-07-13,58
Fire,2016-07-14,51
Fire,2016-07-15,49
Fire,2016-07-16,49
Fire,2016-07-17,41
Fire,2016-07-18,56
Fire,2016-07-19,62
Fire,2016-07-20,50
Fire,2016-07-21,52
Fire,2016-07-22,44
Fire,2016-07-23,73
Fire,2016-07-24,60
Fire,2016-07-25,136
Fire,2016-07-26,46
Fire,2016-07-27,56
Fire,2016-07-28,50
Fire,2016-07-29,48
Fire,2016-07-30,42
Fire,2016-07-31,42
Fire,2016-08-01,66
Fire,2016-08-02,53
Fire,2016-08-03,52
Fire,2016-08-04,54
Fire,2016-08-05,59
Fire,2016-08-06,52
Fire,2016-08-07,56
Fire,2016-08-08,43
Fire,2016-08-09,43
Fire,2016-08-10,52
Fire,2016-08-11,65
Fire,2016-08-12,74
Fire,2016-08-13,67
Fire,2016-08-14,50
Fire,2016-08-15,45
Fire,2016-08-16,57
Fire,2016-08-17,55
Fire,2016-08-18,53
Fire,2016-08-19,56
Fire,2016-08-20,47
Fire,2016-08-21,50
Fire,2016-08-22,46
Fire,2016-08-23,62
Fire,2016-08-24,47
Fire,2016-08-25,50
Fire,2016-08-26,59
Fire,2016-08-27,48
Fire,2016-08-28,44
Fire,2016-08-29,51
Fire,2016-08-30,55
Fire,2016-08-31,57
Fire,2016-09-01,53
Fire,2016-09-02,58
Fire,2016-09-03,41
Fire,2016-09-04,44
Fire,2016-09-05,37
Fire,2016-09-06,57
Fire,2016-09-07,56
Fire,2016-09-08,39
Fire,2016-09-09,49
Fire,2016-09-10,47
Fire,2016-09-11,40
Fire,2016-09-12,58
Fire,2016-09-13,50
Fire,2016-09-14,45
Fire,2016-09-15,46
Fire,2016-09-16,47
Fire,2016-09-17,63
Fire,2016-09-18,40
Fire,2016-09-19,76
Fire,2016-09-20,55
Fire,2016-09-21,49
Fire,2016-09-22,62
Fire,2016-09-23,46
Fire,2016-09-24,42
Fire,2016-09-25,56
Fire,2016-09-26,41
Fire,2016-09-27,53
Fire,2016-09-28,62
Fire,2016-09-29,65
Fire,2016-09-30,73
Fire,2016-10-01,41
Fire,2016-10-02,44
Fire,2016-10-03,58
Fire,2016-10-04,47
Fire,2016-10-05,61
Fire,2016-10-06,70
Fire,2016-10-07,55
Fire,2016-10-08,52
Fire,2016-10-09,65
Fire,2016-10-10,59
Fire,2016-10-11,55
Fire,2016-10-12,56
Fire,2016-10-13,41
Fire,2016-10-14,60
Fire,2016-10-15,44
Fire,2016-10-16,44
Fire,2016-10-17,59
Fire,2016-10-18,48
Fire,2016-10-19,62
Fire,2016-10-20,51
Fire,2016-10-21,61
Fire,2016-10-22,64
Fire,2016-10-23,55
Fire,2016-10-24,39
Fire,2016-10-25,39
Fire,2016-10-26,56
Fire,2016-10-27,46
Fire,2016-10-28,56
Fire,2016-10-29,57
Fire,2016-10-30,67
Fire,2016-10-31,58
Fire,2016-11-01,47
Fire,2016-11-02,37
Fire,2016-11-03,39
Fire,2016-11-04,40
Fire,2016-11-05,57
Fire,2016-11-06,44
Fire,2016-11-07,49
Fire,2016-11-08,63
Fire,2016-11-09,56
Fire,2016-11-10,41
Fire,2016-11-11,54
Fire,2016-11-12,37
Fire,2016-11-13,57
Fire,2016-11-14,57
Fire,2016-11-15,51
Fire,2016-11-16,40
Fire,2016-11-17,51
Fire,2016-11-18,45
Fire,2016-11-19,57
Fire,2016-11-20,47
Fire,2016-11-21,56
Fire,2016-11-22,58
Fire,2016-11-23,55
Fire,2016-11-24,71
Fire,2016-11-25,52
Fire,2016-11-26,52
Fire,2016-11-27,33
Fire,2016-11-28,57
Fire,2016-11-29,55
Fire,2016-11-30,51
Fire,2016-12-01,58
Fire,2016-12-02,51
Fire,2016-12-03,48
Fire,2016-12-04,47
Fire,2016-12-05,42
Fire,2016-12-06,56
Fire,2016-12-07,47
Fire,2016-12-08,51
Fire,2016-12-09,44
Fire,2016-12-10,44
Fire,2016-12-11,41
Fire,2016-12-12,41
Fire,2016-12-13,54
Fire,2016-12-14,50
Fire,2016-12-15,72
Fire,2016-12-16,73
Fire,2016-12-17,79
Fire,2016-12-18,75
Fire,2016-12-19,56
Fire,2016-12-20,65
Fire,2016-12-21,49
Fire,2016-12-22,50
Fire,2016-12-23,57
Fire,2016-12-24,49
Fire,2016-12-25,63
Fire,2016-12-26,40
Fire,2016-12-27,56
Fire,2016-12-28,40
Fire,2016-12-29,42
Fire,2016-12-30,44
Fire,2016-12-31,50
Fire,2017-01-01,43
Fire,2017-01-02,34
Fire,2017-01-03,53
Fire,2017-01-04,47
Fire,2017-01-05,36
Fire,2017-01-06,39
Fire,2017-01-07,40
Fire,2017-01-08,66
Fire,2017-01-09,66
Fire,2017-01-10,67
Fire,2017-01-11,75
Fire,2017-01-12,60
Fire,2017-01-13,48
Fire,2017-01-14,40
Fire,2017-01-15,37
Fire,2017-01-16,39
Fire,2017-01-17,40
Fire,2017-01-18,39
Fire,2017-01-19,51
Fire,2017-01-20,48
Fire,2017-01-21,30
Fire,2017-01-22,40
Fire,2017-01-23,80
Fire,2017-01-24,43
Fire,2017-01-25,58
Fire,2017-01-26,55
Fire,2017-01-27,44
Fire,2017-01-28,42
Fire,2017-01-29,31
Fire,2017-01-30,48
Fire,2017-01-31,39
Fire,2017-02-01,55
Fire,2017-02-02,46
Fire,2017-02-03,46
Fire,2017-02-04,45
Fire,2017-02-05,46
Fire,2017-02-06,40
Fire,2017-02-07,33
Fire,2017-02-08,42
Fire,2017-02-09,58
Fire,2017-02-10,50
Fire,2017-02-11,44
Fire,2017-02-12,24
Fire,2017-02-13,59
Fire,2017-02-14,39
Fire,2017-02-15,44
Fire,2017-02-16,48
Fire,2017-02-17,46
Fire,2017-02-18,53
Fire,2017-02-19,54
Fire,2017-02-20,43
Fire,2017-02-21,45
Fire,2017-02-22,47
Fire,2017-02-23,62
Fire,2017-02-24,52
Fire,2017-02-25,57
Fire,2017-02-26,32
Fire,2017-02-27,46
Fire,2017-02-28,34
Fire,2017-03-01,53
Fire,2017-03-02,58
Fire,2017-03-03,53
Fire,2017-03-04,53
Fire,2017-03-05,41
Fire,2017-03-06,51
Fire,2017-03-07,44
Fire,2017-03-08,52
Fire,2017-03-09,55
Fire,2017-03-10,45
Fire,2017-03-11,33
Fire,2017-03-12,34
Fire,2017-03-13,41
Fire,2017-03-14,57
Fire,2017-03-15,47
Fire,2017-03-16,53
Fire,2017-03-17,56
Fire,2017-03-18,42
Fire,2017-03-19,26
Fire,2017-03-20,32
Fire,2017-03-21,46
Fire,2017-03-22,48
Fire,2017-03-23,44
Fire,2017-03-24,43
Fire,2017-03-25,51
Fire,2017-03-26,37
Fire,2017-03-27,50
Fire,2017-03-28,43
Fire,2017-03-29,62
Fire,2017-03-30,50
Fire,2017-03-31,53
Fire,2017-04-01,39
Fire,2017-04-02,30
Fire,2017-04-03,47
Fire,2017-04-04,61
Fire,2017-04-05,50
Fire,2017-04-06,46
Fire,2017-04-07,46
Fire,2017-04-08,38
Fire,2017-04-09,40
Fire,2017-04-10,57
Fire,2017-04-11,55
Fire,2017-04-12,40
Fire,2017-04-13,49
Fire,2017-04-14,68
Fire,2017-04-15,44
Fire,2017-04-16,54
Fire,2017-04-17,48
Fire,2017-04-18,70
Fire,2017-04-19,42
Fire,2017-04-20,43
Fire,2017-04-21,49
Fire,2017-04-22,41
Fire,2017-04-23,47
Fire,2017-04-24,36
Fire,2017-04-25,53
Fire,2017-04-26,62
Fire,2017-04-27,42
Fire,2017-04-28,49
Fire,2017-04-29,52
Fire,2017-04-30,38
Fire,2017-05-01,36
Fire,2017-05-02,59
Fire,2017-05-03,54
Fire,2017-05-04,46
Fire,2017-05-05,55
Fire,2017-05-06,26
Fire,2017-05-07,39
Fire,2017-05-08,45
Fire,2017-05-09,46
Fire,2017-05-10,50
Fire,2017-05-11,46
Fire,2017-05-12,45
Fire,2017-05-13,48
Fire,2017-05-14,48
Fire,2017-05-15,43
Fire,2017-05-16,52
Fire,2017-05-17,57
Fire,2017-05-18,61
Fire,2017-05-19,54
Fire,2017-05-20,37
Fire,2017-05-21,40
Fire,2017-05-22,62
Fire,2017-05-23,48
Fire,2017-05-24,44
Fire,2017-05-25,54
Fire,2017-05-26,49
Fire,2017-05-27,42
Fire,2017-05-28,39
Fire,2017-05-29,21
Fire,2017-05-30,53
Fire,2017-05-31,66
Fire,2017-06-01,49
Fire,2017-06-02,57
Fire,2017-06-03,50
Fire,2017-06-04,44
Fire,2017-06-05,55
Fire,2017-06-06,51
Fire,2017-06-07,47
Fire,2017-06-08,48
Fire,2017-06-09,63
Fire,2017-06-10,35
Fire,2017-06-11,60
Fire,2017-06-12,51
Fire,2017-06-13,58
Fire,2017-06-14,52
Fire,2017-06-15,47
Fire,2017-06-16,52
Fire,2017-06-17,68
Fire,2017-06-18,46
Fire,2017-06-19,81
Fire,2017-06-20,65
Fire,2017-06-21,160
Fire,2017-06-22,76
Fire,2017-06-23,56
Fire,2017-06-24,96
Fire,2017-06-25,34
Fire,2017-06-26,49
Fire,2017-06-27,54
Fire,2017-06-28,47
Fire,2017-06-29,52
Fire,2017-06-30,55
Fire,2017-07-01,62
Fire,2017-07-02,42
Fire,2017-07-03,41
Fire,2017-07-04,56
Fire,2017-07-05,31
Fire,2017-07-06,53
Fire,2017-07-07,57
Fire,2017-07-08,27
Fire,2017-07-09,47
Fire,2017-07-10,50
Fire,2017-07-11,53
Fire,2017-07-12,43
Fire,2017-07-13,41
Fire,2017-07-14,53
Fire,2017-07-15,68
Fire,2017-07-16,26
Fire,2017-07-17,44
Fire,2017-07-18,59
Fire,2017-07-19,52
Fire,2017-07-20,48
Fire,2017-07-21,69
Fire,2017-07-22,65
Fire,2017-07-23,41
Fire,2017-07-24,80
Fire,2017-07-25,66
Fire,2017-07-26,54
Fire,2017-07-27,56
Fire,2017-07-28,39
Fire,2017-07-29,33
Fire,2017-07-30,46
Fire,2017-07-31,47
Fire,2017-08-01,58
Fire,2017-08-02,60
Fire,2017-08-03,52
Fire,2017-08-04,52
Fire,2017-08-05,59
Fire,2017-08-06,56
Fire,2017-08-07,64
Fire,2017-08-08,45
Fire,2017-08-09,44
Fire,2017-08-10,48
Fire,2017-08-11,47
Fire,2017-08-12,44
Fire,2017-08-13,49
Fire,2017-08-14,50
Fire,2017-08-15,67
Fire,2017-08-16,60
Fire,2017-08-17,63
Fire,2017-08-18,69
Fire,2017-08-19,63
Fire,2017-08-20,41
Fire,2017-08-21,43
Fire,2017-08-22,77
Fire,2017-08-23,63
Fire,2017-08-24,46
Fire,2017-08-25,38
Fire,2017-08-26,46
Fire,2017-08-27,41
Fire,2017-08-28,38
Fire,2017-08-29,52
Fire,2017-08-30,52
Fire,2017-08-31,48
Fire,2017-09-01,54
Fire,2017-09-02,39
Fire,2017-09-03,49
Fire,2017-09-04,45
Fire,2017-09-05,76
Fire,2017-09-06,53
Fire,2017-09-07,50
Fire,2017-09-08,40
Fire,2017-09-09,39
Fire,2017-09-10,48
Fire,2017-09-11,54
Fire,2017-09-12,49
Fire,2017-09-13,57
Fire,2017-09-14,46
Fire,2017-09-15,51
Fire,2017-09-16,53
Fire,2017-09-17,44
Fire,2017-09-18,48
Fire,2017-09-19,45
Fire,2017-09-20,48
Fire,2017-09-21,45
Fire,2017-09-22,50
Fire,2017-09-23,36
Fire,2017-09-24,52
Fire,2017-09-25,64
Fire,2017-09-26,33
Fire,2017-09-27,42
Fire,2017-09-28,52
Fire,2017-09-29,59
Fire,2017-09-30,49
Fire,2017-10-01,47
Fire,2017-10-02,49
Fire,2017-10-03,41
Fire,2017-10-04,66
Fire,2017-10-05,49
Fire,2017-10-06,39
Fire,2017-10-07,46
Fire,2017-10-08,52
Fire,2017-10-09,96
Fire,2017-10-10,50
Fire,2017-10-11,38
Fire,2017-10-12,57
Fire,2017-10-13,52
Fire,2017-10-14,66
Fire,2017-10-15,46
Fire,2017-10-16,46
Fire,2017-10-17,61
Fire,2017-10-18,46
Fire,2017-10-19,45
Fire,2017-10-20,40
Fire,2017-10-21,51
Fire,2017-10-22,43
Fire,2017-10-23,56
Fire,2017-10-24,65
Fire,2017-10-25,50
Fire,2017-10-26,42
Fire,2017-10-27,60
Fire,2017-10-28,45
Fire,2017-10-29,50
Fire,2017-10-30,76
Fire,2017-10-31,64
Fire,2017-11-01,53
Fire,2017-11-02,52
Fire,2017-11-03,45
Fire,2017-11-04,47
Fire,2017-11-05,36
Fire,2017-11-06,48
Fire,2017-11-07,63
Fire,2017-11-08,46
Fire,2017-11-09,34
Fire,2017-11-10,53
Fire,2017-11-11,73
Fire,2017-11-12,39
Fire,2017-11-13,40
Fire,2017-11-14,50
Fire,2017-11-15,45
Fire,2017-11-16,45
Fire,2017-11-17,54
Fire,2017-11-18,40
Fire,2017-11-19,71
Fire,2017-11-20,52
Fire,2017-11-21,46
Fire,2017-11-22,49
Fire,2017-11-23,41
Fire,2017-11-24,54
Fire,2017-11-25,38
Fire,2017-11-26,30
Fire,2017-11-27,37
Fire,2017-11-28,36
Fire,2017-11-29,56
Fire,2017-11-30,44
Fire,2017-12-01,52
Fire,2017-12-02,45
Fire,2017-12-03,43
Fire,2017-12-04,46
Fire,2017-12-05,52
Fire,2017-12-06,46
Fire,2017-12-07,47
Fire,2017-12-08,51
Fire,2017-12-09,45
Fire,2017-12-10,31
Fire,2017-12-11,40
Fire,2017-12-12,48
Fire,2017-12-13,56
Fire,2017-12-14,54
Fire,2017-12-15,54
Fire,2017-12-16,65
Fire,2017-12-17,49
Fire,2017-12-18,53
Fire,2017-12-19,61
Fire,2017-12-20,45
Fire,2017-12-21,42
Fire,2017-12-22,49
Fire,2017-12-23,53
Fire,2017-12-24,49
Fire,2017-12-25,53
Fire,2017-12-26,46
Fire,2017-12-27,45
Fire,2017-12-28,56
Fire,2017-12-29,68
Fire,2017-12-30,66
Fire,2017-12-31,75
Fire,2018-01-01,99
Fire,2018-01-02,90
Fire,2018-01-03,105
Fire,2018-01-04,53
Fire,2018-01-05,72
Fire,2018-01-06,77
Fire,2018-01-07,98
Fire,2018-01-08,83
Fire,2018-01-09,94
Fire,2018-01-10,73
Fire,2018-01-11,70
Fire,2018-01-12,102
Fire,2018-01-13,62
Fire,2018-01-14,44
Fire,2018-01-15,79
Fire,2018-01-16,57
Fire,2018-01-17,37
Fire,2018-01-18,31
Fire,2018-01-19,46
Fire,2018-01-20,45
Fire,2018-01-21,47
Fire,2018-01-22,43
Fire,2018-01-23,54
Fire,2018-01-24,25
Fire,2018-01-25,40
Fire,2018-01-26,41
Fire,2018-01-27,31
Fire,2018-01-28,40
Fire,2018-01-29,35
Fire,2018-01-30,36
Fire,2018-01-31,41
Fire,2018-02-01,48
Fire,2018-02-02,55
Fire,2018-02-03,53
Fire,2018-02-04,52
Fire,2018-02-05,57
Fire,2018-02-06,54
Fire,2018-02-07,47
Fire,2018-02-08,41
Fire,2018-02-09,48
Fire,2018-02-10,52
Fire,2018-02-11,74
Fire,2018-02-12,47
Fire,2018-02-13,41
Fire,2018-02-14,62
Fire,2018-02-15,57
Fire,2018-02-16,43
Fire,2018-02-17,58
Fire,2018-02-18,36
Fire,2018-02-19,38
Fire,2018-02-20,62
Fire,2018-02-21,55
Fire,2018-02-22,37
Fire,2018-02-23,52
Fire,2018-02-24,42
Fire,2018-02-25,43
Fire,2018-02-26,39
Fire,2018-02-27,53
Fire,2018-02-28,50
Fire,2018-03-01,48
Fire,2018-03-02,491
Fire,2018-03-03,232
Fire,2018-03-04,95
Fire,2018-03-05,83
Fire,2018-03-06,59
Fire,2018-03-07,132
Fire,2018-03-08,53
Fire,2018-03-09,53
Fire,2018-03-10,45
Fire,2018-03-11,30
Fire,2018-03-12,47
Fire,2018-03-13,38
Fire,2018-03-14,44
Fire,2018-03-15,44
Fire,2018-03-16,63
Fire,2018-03-17,34
Fire,2018-03-18,37
Fire,2018-03-19,50
Fire,2018-03-20,43
Fire,2018-03-21,58
Fire,2018-03-22,61
Fire,2018-03-23,37
Fire,2018-03-24,43
Fire,2018-03-25,38
Fire,2018-03-26,39
Fire,2018-03-27,27
Fire,2018-03-28,46
Fire,2018-03-29,56
Fire,2018-03-30,52
Fire,2018-03-31,46
Fire,2018-04-01,50
Fire,2018-04-02,56
Fire,2018-04-03,25
Fire,2018-04-04,61
Fire,2018-04-05,45
Fire,2018-04-06,47
Fire,2018-04-07,36
Fire,2018-04-08,35
Fire,2018-04-09,53
Fire,2018-04-10,37
Fire,2018-04-11,58
Fire,2018-04-12,63
Fire,2018-04-13,69
Fire,2018-04-14,62
Fire,2018-04-15,62
Fire,2018-04-16,83
Fire,2018-04-17,38
Fire,2018-04-18,35
Fire,2018-04-19,43
Fire,2018-04-20,39
Fire,2018-04-21,46
Fire,2018-04-22,50
Fire,2018-04-23,64
Fire,2018-04-24,54
Fire,2018-04-25,41
Fire,2018-04-26,45
Fire,2018-04-27,35
Fire,2018-04-28,46
Fire,2018-04-29,42
Fire,2018-04-30,39
Fire,2018-05-01,44
Fire,2018-05-02,80
Fire,2018-05-03,59
Fire,2018-05-04,62
Fire,2018-05-05,61
Fire,2018-05-06,36
Fire,2018-05-07,49
Fire,2018-05-08,55
Fire,2018-05-09,48
Fire,2018-05-10,54
Fire,2018-05-11,63
Fire,2018-05-12,52
Fire,2018-05-13,46
Fire,2018-05-14,60
Fire,2018-05-15,121
Fire,2018-05-16,45
Fire,2018-05-17,58
Fire,2018-05-18,55
Fire,2018-05-19,44
Fire,2018-05-20,93
Fire,2018-05-21,48
Fire,2018-05-22,48
Fire,2018-05-23,56
Fire,2018-05-24,34
Fire,2018-05-25,42
Fire,2018-05-26,44
Fire,2018-05-27,43
Fire,2018-05-28,30
Fire,2018-05-29,38
Fire,2018-05-30,51
Fire,2018-05-31,63
Fire,2018-06-01,59
Fire,2018-06-02,37
Fire,2018-06-03,42
Fire,2018-06-04,68
Fire,2018-06-05,50
Fire,2018-06-06,39
Fire,2018-06-07,54
Fire,2018-06-08,45
Fire,2018-06-09,30
Fire,2018-06-10,42
Fire,2018-06-11,80
Fire,2018-06-12,42
Fire,2018-06-13,48
Fire,2018-06-14,72
Fire,2018-06-15,68
Fire,2018-06-16,55
Fire,2018-06-17,51
Fire,2018-06-18,74
Fire,2018-06-19,63
Fire,2018-06-20,54
Fire,2018-06-21,34
Fire,2018-06-22,41
Fire,2018-06-23,45
Fire,2018-06-24,44
Fire,2018-06-25,55
Fire,2018-06-26,48
Fire,2018-06-27,59
Fire,2018-06-28,92
Fire,2018-06-29,41
Fire,2018-06-30,69
Fire,2018-07-01,52
Fire,2018-07-02,92
Fire,2018-07-03,92
Fire,2018-07-04,65
Fire,2018-07-05,58
Fire,2018-07-06,73
Fire,2018-07-07,47
Fire,2018-07-08,51
Fire,2018-07-09,58
Fire,2018-07-10,54
Fire,2018-07-11,53
Fire,2018-07-12,58
Fire,2018-07-13,59
Fire,2018-07-14,40
Fire,2018-07-15,56
Fire,2018-07-16,50
Fire,2018-07-17,72
Fire,2018-07-18,49
Fire,2018-07-19,49
Fire,2018-07-20,52
Fire,2018-07-21,44
Fire,2018-07-22,88
Fire,2018-07-23,63
Fire,2018-07-24,63
Fire,2018-07-25,70
Fire,2018-07-26,67
Fire,2018-07-27,58
Fire,2018-07-28,54
Fire,2018-07-29,36
Fire,2018-07-30,45
Fire,2018-07-31,46
Fire,2018-08-01,50
Fire,2018-08-02,49
Fire,2018-08-03,53
Fire,2018-08-04,58
Fire,2018-08-05,58
Fire,2018-08-06,41
Fire,2018-08-07,61
Fire,2018-08-08,51
Fire,2018-08-09,42
Fire,2018-08-10,57
Fire,2018-08-11,102
Fire,2018-08-12,46
Fire,2018-08-13,123
Fire,2018-08-14,59
Fire,2018-08-15,57
Fire,2018-08-16,47
Fire,2018-08-17,56
Fire,2018-08-18,53
Fire,2018-08-19,46
Fire,2018-08-20,56
Fire,2018-08-21,47
Fire,2018-08-22,53
Fire,2018-08-23,59
Fire,2018-08-24,50
Fire,2018-08-25,46
Fire,2018-08-26,40
Fire,2018-08-27,57
Fire,2018-08-28,59
Fire,2018-08-29,47
Fire,2018-08-30,38
Fire,2018-08-31,55
Fire,2018-09-01,54
Fire,2018-09-02,37
Fire,2018-09-03,60
Fire,2018-09-04,62
Fire,2018-09-05,62
Fire,2018-09-06,39
Fire,2018-09-07,66
Fire,2018-09-08,54
Fire,2018-09-09,72
Fire,2018-09-10,83
Fire,2018-09-11,59
Fire,2018-09-12,91
Fire,2018-09-13,53
Fire,2018-09-14,54
Fire,2018-09-15,51
Fire,2018-09-16,44
Fire,2018-09-17,48
Fire,2018-09-18,62
Fire,2018-09-19,75
Fire,2018-09-20,62
Fire,2018-09-21,55
Fire,2018-09-22,47
Fire,2018-09-23,57
Fire,2018-09-24,50
Fire,2018-09-25,63
Fire,2018-09-26,76
Fire,2018-09-27,49
Fire,2018-09-28,69
Fire,2018-09-29,44
Fire,2018-09-30,44
Fire,2018-10-01,54
Fire,2018-10-02,40
Fire,2018-10-03,66
Fire,2018-10-04,74
Fire,2018-10-05,51
Fire,2018-10-06,43
Fire,2018-10-07,42
Fire,2018-10-08,53
Fire,2018-10-09,51
Fire,2018-10-10,58
Fire,2018-10-11,74
Fire,2018-10-12,57
Fire,2018-10-13,43
Fire,2018-10-14,64
Fire,2018-10-15,62
Fire,2018-10-16,51
Fire,2018-10-17,57
Fire,2018-10-18,62
Fire,2018-10-19,54
Fire,2018-10-20,57
Fire,2018-10-21,46
Fire,2018-10-22,53
Fire,2018-10-23,51
Fire,2018-10-24,38
Fire,2018-10-25,54
Fire,2018-10-26,56
Fire,2018-10-27,61
Fire,2018-10-28,38
Fire,2018-10-29,44
Fire,2018-10-30,48
Fire,2018-10-31,68
Fire,2018-11-01,59
Fire,2018-11-02,101
Fire,2018-11-03,90
Fire,2018-11-04,35
Fire,2018-11-05,44
Fire,2018-11-06,59
Fire,2018-11-07,49
Fire,2018-11-08,56
Fire,2018-11-09,57
Fire,2018-11-10,65
Fire,2018-11-11,51
Fire,2018-11-12,74
Fire,2018-11-13,61
Fire,2018-11-14,51
Fire,2018-11-15,98
Fire,2018-11-16,70
Fire,2018-11-17,47
Fire,2018-11-18,36
Fire,2018-11-19,37
Fire,2018-11-20,45
Fire,2018-11-21,52
Fire,2018-11-22,60
Fire,2018-11-23,90
Fire,2018-11-24,65
Fire,2018-11-25,51
Fire,2018-11-26,66
Fire,2018-11-27,62
Fire,2018-11-28,54
Fire,2018-11-29,42
Fire,2018-11-30,69
Fire,2018-12-01,40
Fire,2018-12-02,49
Fire,2018-12-03,44
Fire,2018-12-04,44
Fire,2018-12-05,46
Fire,2018-12-06,37
Fire,2018-12-07,56
Fire,2018-12-08,50
Fire,2018-12-09,44
Fire,2018-12-10,62
Fire,2018-12-11,57
Fire,2018-12-12,57
Fire,2018-12-13,34
Fire,2018-12-14,56
Fire,2018-12-15,48
Fire,2018-12-16,49
Fire,2018-12-17,38
Fire,2018-12-18,56
Fire,2018-12-19,59
Fire,2018-12-20,44
Fire,2018-12-21,85
Fire,2018-12-22,38
Fire,2018-12-23,39
Fire,2018-12-24,35
Fire,2018-12-25,38
Fire,2018-12-26,31
Fire,2018-12-27,56
Fire,2018-12-28,54
Fire,2018-12-29,34
Fire,2018-12-30,29
Fire,2018-12-31,45
Fire,2019-01-01,41
Fire,2019-01-02,45
Fire,2019-01-03,49
Fire,2019-01-04,49
Fire,2019-01-05,48
Fire,2019-01-06,29
Fire,2019-01-07,48
Fire,2019-01-08,48
Fire,2019-01-09,48
Fire,2019-01-10,35
Fire,2019-01-11,43
Fire,2019-01-12,59
Fire,2019-01-13,43
Fire,2019-01-14,52
Fire,2019-01-15,36
Fire,2019-01-16,35
Fire,2019-01-17,48
Fire,2019-01-18,66
Fire,2019-01-19,50
Fire,2019-01-20,42
Fire,2019-01-21,84
Fire,2019-01-22,124
Fire,2019-01-23,77
Fire,2019-01-24,65
Fire,2019-01-25,58
Fire,2019-01-26,49
Fire,2019-01-27,38
Fire,2019-01-28,53
Fire,2019-01-29,59
Fire,2019-01-30,49
Fire,2019-01-31,72
Fire,2019-02-01,70
Fire,2019-02-02,92
Fire,2019-02-03,70
Fire,2019-02-04,80
Fire,2019-02-05,52
Fire,2019-02-06,48
Fire,2019-02-07,53
Fire,2019-02-08,35
Fire,2019-02-09,47
Fire,2019-02-10,47
Fire,2019-02-11,46
Fire,2019-02-12,57
Fire,2019-02-13,62
Fire,2019-02-14,41
Fire,2019-02-15,48
Fire,2019-02-16,34
Fire,2019-02-17,44
Fire,2019-02-18,36
Fire,2019-02-19,50
Fire,2019-02-20,58
Fire,2019-02-21,48
Fire,2019-02-22,37
Fire,2019-02-23,34
Fire,2019-02-24,47
Fire,2019-02-25,122
Fire,2019-02-26,46
Fire,2019-02-27,41
Fire,2019-02-28,45
Fire,2019-03-01,62
Fire,2019-03-02,50
Fire,2019-03-03,61
Fire,2019-03-04,44
Fire,2019-03-05,54
Fire,2019-03-06,50
Fire,2019-03-07,57
Fire,2019-03-08,44
Fire,2019-03-09,44
Fire,2019-03-10,39
Fire,2019-03-11,42
Fire,2019-03-12,57
Fire,2019-03-13,41
Fire,2019-03-14,50
Fire,2019-03-15,68
Fire,2019-03-16,37
Fire,2019-03-17,44
Fire,2019-03-18,53
Fire,2019-03-19,55
Fire,2019-03-20,68
Fire,2019-03-21,37
Fire,2019-03-22,41
Fire,2019-03-23,39
Fire,2019-03-24,46
Fire,2019-03-25,30
Fire,2019-03-26,37
Fire,2019-03-27,41
Fire,2019-03-28,56
Fire,2019-03-29,49
Fire,2019-03-30,69
Fire,2019-03-31,47
Fire,2019-04-01,45
Fire,2019-04-02,41
Fire,2019-04-03,69
Fire,2019-04-04,47
Fire,2019-04-05,46
Fire,2019-04-06,45
Fire,2019-04-07,52
Fire,2019-04-08,47
Fire,2019-04-09,53
Fire,2019-04-10,49
Fire,2019-04-11,44
Fire,2019-04-12,55
Fire,2019-04-13,46
Fire,2019-04-14,47
Fire,2019-04-15,50
Fire,2019-04-16,52
Fire,2019-04-17,58
Fire,2019-04-18,43
Fire,2019-04-19,47
Fire,2019-04-20,35
Fire,2019-04-21,47
Fire,2019-04-22,50
Fire,2019-04-23,57
Fire,2019-04-24,51
Fire,2019-04-25,44
Fire,2019-04-26,72
Fire,2019-04-27,48
Fire,2019-04-28,47
Fire,2019-04-29,49
Fire,2019-04-30,47
Fire,2019-05-01,43
Fire,2019-05-02,47
Fire,2019-05-03,40
Fire,2019-05-04,45
Fire,2019-05-05,42
Fire,2019-05-06,60
Fire,2019-05-07,59
Fire,2019-05-08,36
Fire,2019-05-09,52
Fire,2019-05-10,57
Fire,2019-05-11,59
Fire,2019-05-12,52
Fire,2019-05-13,54
Fire,2019-05-14,44
Fire,2019-05-15,36
Fire,2019-05-16,48
Fire,2019-05-17,54
Fire,2019-05-18,53
Fire,2019-05-19,52
Fire,2019-05-20,54
Fire,2019-05-21,52
Fire,2019-05-22,59
Fire,2019-05-23,48
Fire,2019-05-24,49
Fire,2019-05-25,41
Fire,2019-05-26,34
Fire,2019-05-27,48
Fire,2019-05-28,41
Fire,2019-05-29,123
Fire,2019-05-30,72
Fire,2019-05-31,57
Fire,2019-06-01,39
Fire,2019-06-02,40
Fire,2019-06-03,49
Fire,2019-06-04,48
Fire,2019-06-05,58
Fire,2019-06-06,58
Fire,2019-06-07,45
Fire,2019-06-08,53
Fire,2019-06-09,54
Fire,2019-06-10,70
Fire,2019-06-11,66
Fire,2019-06-12,44
Fire,2019-06-13,56
Fire,2019-06-14,49
Fire,2019-06-15,51
Fire,2019-06-16,42
Fire,2019-06-17,42
Fire,2019-06-18,69
Fire,2019-06-19,49
Fire,2019-06-20,101
Fire,2019-06-21,55
Fire,2019-06-22,34
Fire,2019-06-23,40
Fire,2019-06-24,55
Fire,2019-06-25,49
Fire,2019-06-26,58
Fire,2019-06-27,48
Fire,2019-06-28,76
Fire,2019-06-29,108
Fire,2019-06-30,58
Fire,2019-07-01,38
Fire,2019-07-02,57
Fire,2019-07-03,72
Fire,2019-07-04,62
Fire,2019-07-05,61
Fire,2019-07-06,57
Fire,2019-07-07,41
Fire,2019-07-08,47
Fire,2019-07-09,51
Fire,2019-07-10,47
Fire,2019-07-11,213
Fire,2019-07-12,76
Fire,2019-07-13,62
Fire,2019-07-14,37
Fire,2019-07-15,50
Fire,2019-07-16,67
Fire,2019-07-17,84
Fire,2019-07-18,59
Fire,2019-07-19,68
Fire,2019-07-20,80
Fire,2019-07-21,75
Fire,2019-07-22,62
Fire,2019-07-23,62
Fire,2019-07-24,59
Fire,2019-07-25,61
Fire,2019-07-26,70
Fire,2019-07-27,54
Fire,2019-07-28,48
Fire,2019-07-29,44
Fire,2019-07-30,58
Fire,2019-07-31,68
Fire,2019-08-01,69
Fire,2019-08-02,44
Fire,2019-08-03,34
Fire,2019-08-04,35
Fire,2019-08-05,50
Fire,2019-08-06,66
Fire,2019-08-07,103
Fire,2019-08-08,58
Fire,2019-08-09,54
Fire,2019-08-10,52
Fire,2019-08-11,47
Fire,2019-08-12,63
Fire,2019-08-13,63
Fire,2019-08-14,70
Fire,2019-08-15,48
Fire,2019-08-16,47
Fire,2019-08-17,41
Fire,2019-08-18,57
Fire,2019-08-19,51
Fire,2019-08-20,46
Fire,2019-08-21,71
Fire,2019-08-22,51
Fire,2019-08-23,42
Fire,2019-08-24,52
Fire,2019-08-25,38
Fire,2019-08-26,44
Fire,2019-08-27,43
Fire,2019-08-28,59
Fire,2019-08-29,53
Fire,2019-08-30,63
Fire,2019-08-31,30
Fire,2019-09-01,51
Fire,2019-09-02,63
Fire,2019-09-03,59
Fire,2019-09-04,47
Fire,2019-09-05,70
Fire,2019-09-06,48
Fire,2019-09-07,46
Fire,2019-09-08,53
Fire,2019-09-09,54
Fire,2019-09-10,56
Fire,2019-09-11,56
Fire,2019-09-12,63
Fire,2019-09-13,55
Fire,2019-09-14,52
Fire,2019-09-15,50
Fire,2019-09-16,55
Fire,2019-09-17,59
Fire,2019-09-18,58
Fire,2019-09-19,41
Fire,2019-09-20,52
Fire,2019-09-21,57
Fire,2019-09-22,55
Fire,2019-09-23,51
Fire,2019-09-24,63
Fire,2019-09-25,41
Fire,2019-09-26,56
Fire,2019-09-27,47
Fire,2019-09-28,45
Fire,2019-09-29,48
Fire,2019-09-30,46
Fire,2019-10-01,49
Fire,2019-10-02,51
Fire,2019-10-03,54
Fire,2019-10-04,52
Fire,2019-10-05,58
Fire,2019-10-06,57
Fire,2019-10-07,51
Fire,2019-10-08,56
Fire,2019-10-09,66
Fire,2019-10-10,78
Fire,2019-10-11,49
Fire,2019-10-12,46
Fire,2019-10-13,40
Fire,2019-10-14,43
Fire,2019-10-15,48
Fire,2019-10-16,69
Fire,2019-10-17,90
Fire,2019-10-18,53
Fire,2019-10-19,59
Fire,2019-10-20,45
Fire,2019-10-21,56
Fire,2019-10-22,64
Fire,2019-10-23,66
Fire,2019-10-24,63
Fire,2019-10-25,51
Fire,2019-10-26,32
Fire,2019-10-27,71
Fire,2019-10-28,55
Fire,2019-10-29,52
Fire,2019-10-30,58
Fire,2019-10-31,108
Fire,2019-11-01,194
Fire,2019-11-02,77
Fire,2019-11-03,42
Fire,2019-11-04,58
Fire,2019-11-05,59
Fire,2019-11-06,48
Fire,2019-11-07,39
Fire,2019-11-08,61
Fire,2019-11-09,59
Fire,2019-11-10,51
Fire,2019-11-11,54
Fire,2019-11-12,49
Fire,2019-11-13,79
Fire,2019-11-14,54
Fire,2019-11-15,69
Fire,2019-11-16,47
Fire,2019-11-17,52
Fire,2019-11-18,39
Fire,2019-11-19,32
Fire,2019-11-20,51
Fire,2019-11-21,39
Fire,2019-11-22,55
Fire,2019-11-23,44
Fire,2019-11-24,43
Fire,2019-11-25,42
Fire,2019-11-26,50
Fire,2019-11-27,52
Fire,2019-11-28,86
Fire,2019-11-29,49
Fire,2019-11-30,58
Fire,2019-12-01,47
Fire,2019-12-02,47
Fire,2019-12-03,54
Fire,2019-12-04,37
Fire,2019-12-05,44
Fire,2019-12-06,46
Fire,2019-12-07,42
Fire,2019-12-08,41
Fire,2019-12-09,60
Fire,2019-12-10,62
Fire,2019-12-11,34
Fire,2019-12-12,53
Fire,2019-12-13,55
Fire,2019-12-14,47
Fire,2019-12-15,47
Fire,2019-12-16,55
Fire,2019-12-17,45
Fire,2019-12-18,57
Fire,2019-12-19,58
Fire,2019-12-20,64
Fire,2019-12-21,62
Fire,2019-12-22,53
Fire,2019-12-23,56
Fire,2019-12-24,50
Fire,2019-12-25,48
Fire,2019-12-26,57
Fire,2019-12-27,40
Fire,2019-12-28,38
Fire,2019-12-29,30
Fire,2019-12-30,53
Fire,2019-12-31,34
Fire,2020-01-01,37
Fire,2020-01-02,45
Fire,2020-01-03,42
Fire,2020-01-04,48
Fire,2020-01-05,32
Fire,2020-01-06,47
Fire,2020-01-07,51
Fire,2020-01-08,46
Fire,2020-01-09,42
Fire,2020-01-10,59
Fire,2020-01-11,40
Fire,2020-01-12,42
Fire,2020-01-13,46
Fire,2020-01-14,47
Fire,2020-01-15,51
Fire,2020-01-16,56
Fire,2020-01-17,59
Fire,2020-01-18,74
Fire,2020-01-19,44
Fire,2020-01-20,45
Fire,2020-01-21,51
Fire,2020-01-22,41
Fire,2020-01-23,43
Fire,2020-01-24,45
Fire,2020-01-25,54
Fire,2020-01-26,38
Fire,2020-01-27,42
Fire,2020-01-28,34
Fire,2020-01-29,37
Fire,2020-01-30,47
Fire,2020-01-31,47
Fire,2020-02-01,44
Fire,2020-02-02,44
Fire,2020-02-03,50
Fire,2020-02-04,52
Fire,2020-02-05,37
Fire,2020-02-06,34
Fire,2020-02-07,76
Fire,2020-02-08,35
Fire,2020-02-09,48
Fire,2020-02-10,44
Fire,2020-02-11,45
Fire,2020-02-12,49
Fire,2020-02-13,46
Fire,2020-02-14,42
Fire,2020-02-15,54
Fire,2020-02-16,50
Fire,2020-02-17,44
Fire,2020-02-18,44
Fire,2020-02-19,48
Fire,2020-02-20,51
Fire,2020-02-21,36
Fire,2020-02-22,43
Fire,2020-02-23,45
Fire,2020-02-24,49
Fire,2020-02-25,39
Fire,2020-02-26,44
Fire,2020-02-27,39
Fire,2020-02-28,50
Fire,2020-02-29,30
Fire,2020-03-01,54
Fire,2020-03-02,57
Fire,2020-03-03,68
Fire,2020-03-04,52
Fire,2020-03-05,48
Fire,2020-03-06,54
Fire,2020-03-07,48
Fire,2020-03-08,53
Fire,2020-03-09,75
Fire,2020-03-10,66
Fire,2020-03-11,55
Fire,2020-03-12,50
Fire,2020-03-13,62
Fire,2020-03-14,43
Fire,2020-03-15,53
Fire,2020-03-16,49
Fire,2020-03-17,38
Fire,2020-03-18,54
Fire,2020-03-19,39
Fire,2020-03-20,61
Fire,2020-03-21,44
Fire,2020-03-22,49
Fire,2020-03-23,51
Fire,2020-03-24,28
Fire,2020-03-25,31
Fire,2020-03-26,53
Fire,2020-03-27,54
Fire,2020-03-28,22
Fire,2020-03-29,26
Fire,2020-03-30,37
Fire,2020-03-31,32
Fire,2020-04-01,34
Fire,2020-04-02,48
Fire,2020-04-03,26
Fire,2020-04-04,56
Fire,2020-04-05,50
Fire,2020-04-06,55
Fire,2020-04-07,38
Fire,2020-04-08,31
Fire,2020-04-09,84
Fire,2020-04-10,42
Fire,2020-04-11,37
Fire,2020-04-12,45
Fire,2020-04-13,71
Fire,2020-04-14,40
Fire,2020-04-15,38
Fire,2020-04-16,33
Fire,2020-04-17,37
Fire,2020-04-18,34
Fire,2020-04-19,38
Fire,2020-04-20,41
Fire,2020-04-21,44
Fire,2020-04-22,39
Fire,2020-04-23,30
Fire,2020-04-24,31
Fire,2020-04-25,35
Fire,2020-04-26,27
Fire,2020-04-27,50
Fire,2020-04-28,41
Fire,2020-04-29,42
Fire,2020-04-30,93
Fire,2020-05-01,49
Fire,2020-05-02,51
Fire,2020-05-03,56
Fire,2020-05-04,48
Fire,2020-05-05,47
Fire,2020-05-06,39
Fire,2020-05-07,39
Fire,2020-05-08,38
Fire,2020-05-09,35
Fire,2020-05-10,48
Fire,2020-05-11,37
Fire,2020-05-12,42
Fire,2020-05-13,38
Fire,2020-05-14,48
Fire,2020-05-15,54
Fire,2020-05-16,59
Fire,2020-05-17,48
Fire,2020-05-18,63
Fire,2020-05-19,64
Fire,2020-05-20,41
Fire,2020-05-21,54
Fire,2020-05-22,61
Fire,2020-05-23,38
Fire,2020-05-24,40
Fire,2020-05-25,40
Fire,2020-05-26,59
Fire,2020-05-27,45
Fire,2020-05-28,61
Fire,2020-05-29,56
Fire,2020-05-30,64
Fire,2020-05-31,43
Fire,2020-06-01,58
Fire,2020-06-02,47
Fire,2020-06-03,430
Fire,2020-06-04,208
Fire,2020-06-05,113
Fire,2020-06-06,79
Fire,2020-06-07,56
Fire,2020-06-08,76
Fire,2020-06-09,60
Fire,2020-06-10,52
Fire,2020-06-11,62
Fire,2020-06-12,57
Fire,2020-06-13,66
Fire,2020-06-14,41
Fire,2020-06-15,45
Fire,2020-06-16,43
Fire,2020-06-17,38
Fire,2020-06-18,54
Fire,2020-06-19,50
Fire,2020-06-20,50
Fire,2020-06-21,43
Fire,2020-06-22,53
Fire,2020-06-23,39
Fire,2020-06-24,55
Fire,2020-06-25,50
Fire,2020-06-26,60
Fire,2020-06-27,48
Traffic,2016-01-01,48
Traffic,2016-01-02,88
Traffic,2016-01-03,79
Traffic,2016-01-04,106
Traffic,2016-01-05,141
Traffic,2016-01-06,133
Traffic,2016-01-07,92
Traffic,2016-01-08,95
Traffic,2016-01-09,92
Traffic,2016-01-10,100
Traffic,2016-01-11,139
Traffic,2016-01-12,284
Traffic,2016-01-13,149
Traffic,2016-01-14,120
Traffic,2016-01-15,124
Traffic,2016-01-16,98
Traffic,2016-01-17,70
Traffic,2016-01-18,83
Traffic,2016-01-19,118
Traffic,2016-01-20,135
Traffic,2016-01-21,106
Traffic,2016-01-22,201
Traffic,2016-01-23,461
Traffic,2016-01-24,214
Traffic,2016-01-25,234
Traffic,2016-01-26,190
Traffic,2016-01-27,145
Traffic,2016-01-28,155
Traffic,2016-01-29,139
Traffic,2016-01-30,93
Traffic,2016-01-31,67
Traffic,2016-02-01,110
Traffic,2016-02-02,156
Traffic,2016-02-03,146
Traffic,2016-02-04,124
Traffic,2016-02-05,139
Traffic,2016-02-06,101
Traffic,2016-02-07,46
Traffic,2016-02-08,106
Traffic,2016-02-09,114
Traffic,2016-02-10,128
Traffic,2016-02-11,141
Traffic,2016-02-12,120
Traffic,2016-02-13,96
Traffic,2016-02-14,76
Traffic,2016-02-15,176
Traffic,2016-02-16,189
Traffic,2016-02-17,118
Traffic,2016-02-18,99
Traffic,2016-02-19,111
Traffic,2016-02-20,87
Traffic,2016-02-21,55
Traffic,2016-02-22,73
Traffic,2016-02-23,108
Traffic,2016-02-24,268
Traffic,2016-02-25,129
Traffic,2016-02-26,130
Traffic,2016-02-27,92
Traffic,2016-02-28,66
Traffic,2016-02-29,100
Traffic,2016-03-01,126
Traffic,2016-03-02,138
Traffic,2016-03-03,113
Traffic,2016-03-04,127
Traffic,2016-03-05,79
Traffic,2016-03-06,54
Traffic,2016-03-07,89
Traffic,2016-03-08,109
Traffic,2016-03-09,117
Traffic,2016-03-10,114
Traffic,2016-03-11,100
Traffic,2016-03-12,74
Traffic,2016-03-13,56
Traffic,2016-03-14,103
Traffic,2016-03-15,103
Traffic,2016-03-16,113
Traffic,2016-03-17,129
Traffic,2016-03-18,139
Traffic,2016-03-19,67
Traffic,2016-03-20,36
Traffic,2016-03-21,105
Traffic,2016-03-22,70
Traffic,2016-03-23,97
Traffic,2016-03-24,95
Traffic,2016-03-25,88
Traffic,2016-03-26,92
Traffic,2016-03-27,58
Traffic,2016-03-28,137
Traffic,2016-03-29,106
Traffic,2016-03-30,117
Traffic,2016-03-31,89
Traffic,2016-04-01,135
Traffic,2016-04-02,105
Traffic,2016-04-03,246
Traffic,2016-04-04,132
Traffic,2016-04-05,108
Traffic,2016-04-06,118
Traffic,2016-04-07,105
Traffic,2016-04-08,96
Traffic,2016-04-09,72
Traffic,2016-04-10,60
Traffic,2016-04-11,103
Traffic,2016-04-12,84
Traffic,2016-04-13,103
Traffic,2016-04-14,112
Traffic,2016-04-15,125
Traffic,2016-04-16,98
Traffic,2016-04-17,71
Traffic,2016-04-18,114
Traffic,2016-04-19,111
Traffic,2016-04-20,123
Traffic,2016-04-21,122
Traffic,2016-04-22,98
Traffic,2016-04-23,98
Traffic,2016-04-24,46
Traffic,2016-04-25,130
Traffic,2016-04-26,143
Traffic,2016-04-27,77
Traffic,2016-04-28,137
Traffic,2016-04-29,106
Traffic,2016-04-30,75
Traffic,2016-05-01,31
Traffic,2016-05-02,97
Traffic,2016-05-03,105
Traffic,2016-05-04,103
Traffic,2016-05-05,89
Traffic,2016-05-06,159
Traffic,2016-05-07,112
Traffic,2016-05-08,73
Traffic,2016-05-09,104
Traffic,2016-05-10,109
Traffic,2016-05-11,109
Traffic,2016-05-12,129
Traffic,2016-05-13,150
Traffic,2016-05-14,103
Traffic,2016-05-15,63
Traffic,2016-05-16,106
Traffic,2016-05-17,134
Traffic,2016-05-18,111
Traffic,2016-05-19,111
Traffic,2016-05-20,140
Traffic,2016-05-21,96
Traffic,2016-05-22,73
Traffic,2016-05-23,117
Traffic,2016-05-24,100
Traffic,2016-05-25,156
Traffic,2016-05-26,133
Traffic,2016-05-27,134
Traffic,2016-05-28,97
Traffic,2016-05-29,97
Traffic,2016-05-30,65
Traffic,2016-05-31,156
Traffic,2016-06-01,154
Traffic,2016-06-02,135
Traffic,2016-06-03,143
Traffic,2016-06-04,80
Traffic,2016-06-05,78
Traffic,2016-06-06,127
Traffic,2016-06-07,144
Traffic,2016-06-08,191
Traffic,2016-06-09,151
Traffic,2016-06-10,119
Traffic,2016-06-11,94
Traffic,2016-06-12,103
Traffic,2016-06-13,129
Traffic,2016-06-14,151
Traffic,2016-06-15,126
Traffic,2016-06-16,108
Traffic,2016-06-17,119
Traffic,2016-06-18,83
Traffic,2016-06-19,78
Traffic,2016-06-20,100
Traffic,2016-06-21,113
Traffic,2016-06-22,104
Traffic,2016-06-23,123
Traffic,2016-06-24,126
Traffic,2016-06-25,72
Traffic,2016-06-26,61
Traffic,2016-06-27,120
Traffic,2016-06-28,140
Traffic,2016-06-29,122
Traffic,2016-06-30,109
Traffic,2016-07-01,120
Traffic,2016-07-02,59
Traffic,2016-07-03,61
Traffic,2016-07-04,62
Traffic,2016-07-05,103
Traffic,2016-07-06,131
Traffic,2016-07-07,106
Traffic,2016-07-08,136
Traffic,2016-07-09,60
Traffic,2016-07-10,84
Traffic,2016-07-11,118
Traffic,2016-07-12,134
Traffic,2016-07-13,180
Traffic,2016-07-14,132
Traffic,2016-07-15,114
Traffic,2016-07-16,85
Traffic,2016-07-17,77
Traffic,2016-07-18,110
Traffic,2016-07-19,123
Traffic,2016-07-20,127
Traffic,2016-07-21,125
Traffic,2016-07-22,111
Traffic,2016-07-23,124
Traffic,2016-07-24,67
Traffic,2016-07-25,190
Traffic,2016-07-26,158
Traffic,2016-07-27,119
Traffic,2016-07-28,144
Traffic,2016-07-29,131
Traffic,2016-07-30,101
Traffic,2016-07-31,90
Traffic,2016-08-01,94
Traffic,2016-08-02,107
Traffic,2016-08-03,130
Traffic,2016-08-04,123
Traffic,2016-08-05,112
Traffic,2016-08-06,93
Traffic,2016-08-07,66
Traffic,2016-08-08,107
Traffic,2016-08-09,94
Traffic,2016-08-10,97
Traffic,2016-08-11,116
Traffic,2016-08-12,114
Traffic,2016-08-13,80
Traffic,2016-08-14,71
Traffic,2016-08-15,95
Traffic,2016-08-16,112
Traffic,2016-08-17,143
Traffic,2016-08-18,118
Traffic,2016-08-19,143
Traffic,2016-08-20,93
Traffic,2016-08-21,108
Traffic,2016-08-22,124
Traffic,2016-08-23,129
Traffic,2016-08-24,112
Traffic,2016-08-25,96
Traffic,2016-08-26,125
Traffic,2016-08-27,76
Traffic,2016-08-28,73
Traffic,2016-08-29,96
Traffic,2016-08-30,99
Traffic,2016-08-31,127
Traffic,2016-09-01,137
Traffic,2016-09-02,110
Traffic,2016-09-03,89
Traffic,2016-09-04,57
Traffic,2016-09-05,60
Traffic,2016-09-06,127
Traffic,2016-09-07,130
Traffic,2016-09-08,120
Traffic,2016-09-09,160
Traffic,2016-09-10,81
Traffic,2016-09-11,74
Traffic,2016-09-12,115
Traffic,2016-09-13,119
Traffic,2016-09-14,123
Traffic,2016-09-15,129
Traffic,2016-09-16,141
Traffic,2016-09-17,96
Traffic,2016-09-18,65
Traffic,2016-09-19,175
Traffic,2016-09-20,110
Traffic,2016-09-21,97
Traffic,2016-09-22,137
Traffic,2016-09-23,117
Traffic,2016-09-24,85
Traffic,2016-09-25,67
Traffic,2016-09-26,122
Traffic,2016-09-27,106
Traffic,2016-09-28,105
Traffic,2016-09-29,197
Traffic,2016-09-30,184
Traffic,2016-10-01,93
Traffic,2016-10-02,72
Traffic,2016-10-03,95
Traffic,2016-10-04,100
Traffic,2016-10-05,134
Traffic,2016-10-06,132
Traffic,2016-10-07,140
Traffic,2016-10-08,97
Traffic,2016-10-09,100
Traffic,2016-10-10,111
Traffic,2016-10-11,117
Traffic,2016-10-12,111
Traffic,2016-10-13,123
Traffic,2016-10-14,146
Traffic,2016-10-15,92
Traffic,2016-10-16,60
Traffic,2016-10-17,136
Traffic,2016-10-18,145
Traffic,2016-10-19,123
Traffic,2016-10-20,123
Traffic,2016-10-21,153
Traffic,2016-10-22,155
Traffic,2016-10-23,74
Traffic,2016-10-24,112
Traffic,2016-10-25,106
Traffic,2016-10-26,117
Traffic,2016-10-27,148
Traffic,2016-10-28,178
Traffic,2016-10-29,114
Traffic,2016-10-30,136
Traffic,2016-10-31,152
Traffic,2016-11-01,118
Traffic,2016-11-02,111
Traffic,2016-11-03,115
Traffic,2016-11-04,126
Traffic,2016-11-05,103
Traffic,2016-11-06,62
Traffic,2016-11-07,128
Traffic,2016-11-08,133
Traffic,2016-11-09,155
Traffic,2016-11-10,145
Traffic,2016-11-11,148
Traffic,2016-11-12,92
Traffic,2016-11-13,75
Traffic,2016-11-14,103
Traffic,2016-11-15,104
Traffic,2016-11-16,127
Traffic,2016-11-17,155
Traffic,2016-11-18,163
Traffic,2016-11-19,145
Traffic,2016-11-20,117
Traffic,2016-11-21,158
Traffic,2016-11-22,158
Traffic,2016-11-23,146
Traffic,2016-11-24,56
Traffic,2016-11-25,113
Traffic,2016-11-26,80
Traffic,2016-11-27,57
Traffic,2016-11-28,131
Traffic,2016-11-29,233
Traffic,2016-11-30,181
Traffic,2016-12-01,129
Traffic,2016-12-02,137
Traffic,2016-12-03,88
Traffic,2016-12-04,77
Traffic,2016-12-05,133
Traffic,2016-12-06,158
Traffic,2016-12-07,139
Traffic,2016-12-08,124
Traffic,2016-12-09,116
Traffic,2016-12-10,99
Traffic,2016-12-11,51
Traffic,2016-12-12,110
Traffic,2016-12-13,124
Traffic,2016-12-14,116
Traffic,2016-12-15,129
Traffic,2016-12-16,185
Traffic,2016-12-17,194
Traffic,2016-12-18,102
Traffic,2016-12-19,131
Traffic,2016-12-20,163
Traffic,2016-12-21,135
Traffic,2016-12-22,131
Traffic,2016-12-23,144
Traffic,2016-12-24,104
Traffic,2016-12-25,41
Traffic,2016-12-26,68
Traffic,2016-12-27,111
Traffic,2016-12-28,87
Traffic,2016-12-29,105
Traffic,2016-12-30,88
Traffic,2016-12-31,77
Traffic,2017-01-01,57
Traffic,2017-01-02,73
Traffic,2017-01-03,119
Traffic,2017-01-04,135
Traffic,2017-01-05,114
Traffic,2017-01-06,138
Traffic,2017-01-07,139
Traffic,2017-01-08,55
Traffic,2017-01-09,104
Traffic,2017-01-10,112
Traffic,2017-01-11,183
Traffic,2017-01-12,112
Traffic,2017-01-13,128
Traffic,2017-01-14,65
Traffic,2017-01-15,65
Traffic,2017-01-16,97
Traffic,2017-01-17,134
Traffic,2017-01-18,81
Traffic,2017-01-19,106
Traffic,2017-01-20,105
Traffic,2017-01-21,54
Traffic,2017-01-22,67
Traffic,2017-01-23,238
Traffic,2017-01-24,142
Traffic,2017-01-25,108
Traffic,2017-01-26,148
Traffic,2017-01-27,100
Traffic,2017-01-28,48
Traffic,2017-01-29,60
Traffic,2017-01-30,105
Traffic,2017-01-31,83
Traffic,2017-02-01,96
Traffic,2017-02-02,104
Traffic,2017-02-03,99
Traffic,2017-02-04,65
Traffic,2017-02-05,53
Traffic,2017-02-06,90
Traffic,2017-02-07,105
Traffic,2017-02-08,111
Traffic,2017-02-09,250
Traffic,2017-02-10,133
Traffic,2017-02-11,80
Traffic,2017-02-12,48
Traffic,2017-02-13,232
Traffic,2017-02-14,117
Traffic,2017-02-15,83
Traffic,2017-02-16,87
Traffic,2017-02-17,112
Traffic,2017-02-18,118
Traffic,2017-02-19,66
Traffic,2017-02-20,88
Traffic,2017-02-21,88
Traffic,2017-02-22,99
Traffic,2017-02-23,106
Traffic,2017-02-24,144
Traffic,2017-02-25,104
Traffic,2017-02-26,57
Traffic,2017-02-27,87
Traffic,2017-02-28,100
Traffic,2017-03-01,92
Traffic,2017-03-02,174
Traffic,2017-03-03,122
Traffic,2017-03-04,81
Traffic,2017-03-05,70
Traffic,2017-03-06,79
Traffic,2017-03-07,128
Traffic,2017-03-08,88
Traffic,2017-03-09,109
Traffic,2017-03-10,146
Traffic,2017-03-11,74
Traffic,2017-03-12,39
Traffic,2017-03-13,155
Traffic,2017-03-14,207
Traffic,2017-03-15,208
Traffic,2017-03-16,144
Traffic,2017-03-17,155
Traffic,2017-03-18,95
Traffic,2017-03-19,76
Traffic,2017-03-20,107
Traffic,2017-03-21,110
Traffic,2017-03-22,129
Traffic,2017-03-23,120
Traffic,2017-03-24,110
Traffic,2017-03-25,63
Traffic,2017-03-26,54
Traffic,2017-03-27,117
Traffic,2017-03-28,94
Traffic,2017-03-29,118
Traffic,2017-03-30,97
Traffic,2017-03-31,136
Traffic,2017-04-01,83
Traffic,2017-04-02,76
Traffic,2017-04-03,106
Traffic,2017-04-04,105
Traffic,2017-04-05,133
Traffic,2017-04-06,154
Traffic,2017-04-07,95
Traffic,2017-04-08,105
Traffic,2017-04-09,82
Traffic,2017-04-10,117
Traffic,2017-04-11,130
Traffic,2017-04-12,92
Traffic,2017-04-13,108
Traffic,2017-04-14,101
Traffic,2017-04-15,98
Traffic,2017-04-16,59
Traffic,2017-04-17,84
Traffic,2017-04-18,96
Traffic,2017-04-19,99
Traffic,2017-04-20,95
Traffic,2017-04-21,117
Traffic,2017-04-22,79
Traffic,2017-04-23,62
Traffic,2017-04-24,87
Traffic,2017-04-25,128
Traffic,2017-04-26,117
Traffic,2017-04-27,107
Traffic,2017-04-28,179
Traffic,2017-04-29,96
Traffic,2017-04-30,64
Traffic,2017-05-01,112
Traffic,2017-05-02,151
Traffic,2017-05-03,123
Traffic,2017-05-04,114
Traffic,2017-05-05,111
Traffic,2017-05-06,53
Traffic,2017-05-07,52
Traffic,2017-05-08,86
Traffic,2017-05-09,106
Traffic,2017-05-10,121
Traffic,2017-05-11,118
Traffic,2017-05-12,112
Traffic,2017-05-13,173
Traffic,2017-05-14,80
Traffic,2017-05-15,155
Traffic,2017-05-16,148
Traffic,2017-05-17,135
Traffic,2017-05-18,164
Traffic,2017-05-19,133
Traffic,2017-05-20,73
Traffic,2017-05-21,58
Traffic,2017-05-22,134
Traffic,2017-05-23,113
Traffic,2017-05-24,132
Traffic,2017-05-25,138
Traffic,2017-05-26,122
Traffic,2017-05-27,72
Traffic,2017-05-28,69
Traffic,2017-05-29,40
Traffic,2017-05-30,112
Traffic,2017-05-31,123
Traffic,2017-06-01,118
Traffic,2017-06-02,120
Traffic,2017-06-03,105
Traffic,2017-06-04,62
Traffic,2017-06-05,105
Traffic,2017-06-06,143
Traffic,2017-06-07,102
Traffic,2017-06-08,130
Traffic,2017-06-09,128
Traffic,2017-06-10,75
Traffic,2017-06-11,99
Traffic,2017-06-12,146
Traffic,2017-06-13,135
Traffic,2017-06-14,116
Traffic,2017-06-15,117
Traffic,2017-06-16,113
Traffic,2017-06-17,131
Traffic,2017-06-18,71
Traffic,2017-06-19,152
Traffic,2017-06-20,159
Traffic,2017-06-21,233
Traffic,2017-06-22,149
Traffic,2017-06-23,125
Traffic,2017-06-24,119
Traffic,2017-06-25,65
Traffic,2017-06-26,94
Traffic,2017-06-27,115
Traffic,2017-06-28,108
Traffic,2017-06-29,113
Traffic,2017-06-30,150
Traffic,2017-07-01,120
Traffic,2017-07-02,89
Traffic,2017-07-03,84
Traffic,2017-07-04,71
Traffic,2017-07-05,117
Traffic,2017-07-06,135
Traffic,2017-07-07,142
Traffic,2017-07-08,58
Traffic,2017-07-09,54
Traffic,2017-07-10,102
Traffic,2017-07-11,105
Traffic,2017-07-12,118
Traffic,2017-07-13,155
Traffic,2017-07-14,141
Traffic,2017-07-15,107
Traffic,2017-07-16,77
Traffic,2017-07-17,136
Traffic,2017-07-18,111
Traffic,2017-07-19,104
Traffic,2017-07-20,121
Traffic,2017-07-21,125
Traffic,2017-07-22,118
Traffic,2017-07-23,65
Traffic,2017-07-24,175
Traffic,2017-07-25,115
Traffic,2017-07-26,90
Traffic,2017-07-27,103
Traffic,2017-07-28,123
Traffic,2017-07-29,67
Traffic,2017-07-30,79
Traffic,2017-07-31,113
Traffic,2017-08-01,126
Traffic,2017-08-02,151
Traffic,2017-08-03,123
Traffic,2017-08-04,114
Traffic,2017-08-05,85
Traffic,2017-08-06,59
Traffic,2017-08-07,143
Traffic,2017-08-08,119
Traffic,2017-08-09,119
Traffic,2017-08-10,128
Traffic,2017-08-11,90
Traffic,2017-08-12,68
Traffic,2017-08-13,93
Traffic,2017-08-14,90
Traffic,2017-08-15,125
Traffic,2017-08-16,138
Traffic,2017-08-17,95
Traffic,2017-08-18,123
Traffic,2017-08-19,107
Traffic,2017-08-20,71
Traffic,2017-08-21,107
Traffic,2017-08-22,111
Traffic,2017-08-23,140
Traffic,2017-08-24,103
Traffic,2017-08-25,98
Traffic,2017-08-26,79
Traffic,2017-08-27,70
Traffic,2017-08-28,116
Traffic,2017-08-29,143
Traffic,2017-08-30,106
Traffic,2017-08-31,122
Traffic,2017-09-01,105
Traffic,2017-09-02,92
Traffic,2017-09-03,75
Traffic,2017-09-04,59
Traffic,2017-09-05,147
Traffic,2017-09-06,148
Traffic,2017-09-07,105
Traffic,2017-09-08,94
Traffic,2017-09-09,78
Traffic,2017-09-10,62
Traffic,2017-09-11,103
Traffic,2017-09-12,98
Traffic,2017-09-13,108
Traffic,2017-09-14,99
Traffic,2017-09-15,134
Traffic,2017-09-16,67
Traffic,2017-09-17,55
Traffic,2017-09-18,98
Traffic,2017-09-19,94
Traffic,2017-09-20,132
Traffic,2017-09-21,95
Traffic,2017-09-22,112
Traffic,2017-09-23,101
Traffic,2017-09-24,59
Traffic,2017-09-25,128
Traffic,2017-09-26,118
Traffic,2017-09-27,119
Traffic,2017-09-28,145
Traffic,2017-09-29,118
Traffic,2017-09-30,99
Traffic,2017-10-01,62
Traffic,2017-10-02,132
Traffic,2017-10-03,114
Traffic,2017-10-04,124
Traffic,2017-10-05,102
Traffic,2017-10-06,125
Traffic,2017-10-07,103
Traffic,2017-10-08,105
Traffic,2017-10-09,181
Traffic,2017-10-10,109
Traffic,2017-10-11,130
Traffic,2017-10-12,110
Traffic,2017-10-13,85
Traffic,2017-10-14,97
Traffic,2017-10-15,57
Traffic,2017-10-16,122
Traffic,2017-10-17,119
Traffic,2017-10-18,112
Traffic,2017-10-19,123
Traffic,2017-10-20,148
Traffic,2017-10-21,82
Traffic,2017-10-22,79
Traffic,2017-10-23,84
Traffic,2017-10-24,199
Traffic,2017-10-25,121
Traffic,2017-10-26,136
Traffic,2017-10-27,124
Traffic,2017-10-28,92
Traffic,2017-10-29,134
Traffic,2017-10-30,168
Traffic,2017-10-31,116
Traffic,2017-11-01,125
Traffic,2017-11-02,126
Traffic,2017-11-03,128
Traffic,2017-11-04,97
Traffic,2017-11-05,72
Traffic,2017-11-06,114
Traffic,2017-11-07,158
Traffic,2017-11-08,107
Traffic,2017-11-09,97
Traffic,2017-11-10,119
Traffic,2017-11-11,86
Traffic,2017-11-12,75
Traffic,2017-11-13,139
Traffic,2017-11-14,118
Traffic,2017-11-15,143
Traffic,2017-11-16,165
Traffic,2017-11-17,145
Traffic,2017-11-18,129
Traffic,2017-11-19,132
Traffic,2017-11-20,131
Traffic,2017-11-21,140
Traffic,2017-11-22,134
Traffic,2017-11-23,55
Traffic,2017-11-24,115
Traffic,2017-11-25,106
Traffic,2017-11-26,57
Traffic,2017-11-27,107
Traffic,2017-11-28,125
Traffic,2017-11-29,127
Traffic,2017-11-30,99
Traffic,2017-12-01,166
Traffic,2017-12-02,111
Traffic,2017-12-03,63
Traffic,2017-12-04,104
Traffic,2017-12-05,169
Traffic,2017-12-06,114
Traffic,2017-12-07,132
Traffic,2017-12-08,123
Traffic,2017-12-09,220
Traffic,2017-12-10,87
Traffic,2017-12-11,124
Traffic,2017-12-12,119
Traffic,2017-12-13,197
Traffic,2017-12-14,161
Traffic,2017-12-15,369
Traffic,2017-12-16,131
Traffic,2017-12-17,49
Traffic,2017-12-18,126
Traffic,2017-12-19,152
Traffic,2017-12-20,119
Traffic,2017-12-21,139
Traffic,2017-12-22,137
Traffic,2017-12-23,92
Traffic,2017-12-24,78
Traffic,2017-12-25,77
Traffic,2017-12-26,87
Traffic,2017-12-27,113
Traffic,2017-12-28,119
Traffic,2017-12-29,124
Traffic,2017-12-30,157
Traffic,2017-12-31,77
Traffic,2018-01-01,65
Traffic,2018-01-02,149
Traffic,2018-01-03,194
Traffic,2018-01-04,268
Traffic,2018-01-05,223
Traffic,2018-01-06,142
Traffic,2018-01-07,96
Traffic,2018-01-08,148
Traffic,2018-01-09,152
Traffic,2018-01-10,152
Traffic,2018-01-11,96
Traffic,2018-01-12,231
Traffic,2018-01-13,137
Traffic,2018-01-14,90
Traffic,2018-01-15,101
Traffic,2018-01-16,127
Traffic,2018-01-17,134
Traffic,2018-01-18,136
Traffic,2018-01-19,110
Traffic,2018-01-20,108
Traffic,2018-01-21,63
Traffic,2018-01-22,100
Traffic,2018-01-23,132
Traffic,2018-01-24,93
Traffic,2018-01-25,111
Traffic,2018-01-26,123
Traffic,2018-01-27,94
Traffic,2018-01-28,54
Traffic,2018-01-29,84
Traffic,2018-01-30,109
Traffic,2018-01-31,114
Traffic,2018-02-01,106
Traffic,2018-02-02,138
Traffic,2018-02-03,73
Traffic,2018-02-04,107
Traffic,2018-02-05,175
Traffic,2018-02-06,92
Traffic,2018-02-07,156
Traffic,2018-02-08,90
Traffic,2018-02-09,110
Traffic,2018-02-10,83
Traffic,2018-02-11,97
Traffic,2018-02-12,111
Traffic,2018-02-13,117
Traffic,2018-02-14,104
Traffic,2018-02-15,126
Traffic,2018-02-16,120
Traffic,2018-02-17,208
Traffic,2018-02-18,90
Traffic,2018-02-19,95
Traffic,2018-02-20,104
Traffic,2018-02-21,122
Traffic,2018-02-22,103
Traffic,2018-02-23,132
Traffic,2018-02-24,78
Traffic,2018-02-25,77
Traffic,2018-02-26,107
Traffic,2018-02-27,111
Traffic,2018-02-28,104
Traffic,2018-03-01,111
Traffic,2018-03-02,1245
Traffic,2018-03-03,382
Traffic,2018-03-04,119
Traffic,2018-03-05,164
Traffic,2018-03-06,155
Traffic,2018-03-07,520
Traffic,2018-03-08,175
Traffic,2018-03-09,143
Traffic,2018-03-10,121
Traffic,2018-03-11,70
Traffic,2018-03-12,88
Traffic,2018-03-13,112
Traffic,2018-03-14,108
Traffic,2018-03-15,105
Traffic,2018-03-16,127
Traffic,2018-03-17,94
Traffic,2018-03-18,72
Traffic,2018-03-19,102
Traffic,2018-03-20,123
Traffic,2018-03-21,185
Traffic,2018-03-22,128
Traffic,2018-03-23,138
Traffic,2018-03-24,122
Traffic,2018-03-25,58
Traffic,2018-03-26,96
Traffic,2018-03-27,95
Traffic,2018-03-28,102
Traffic,2018-03-29,123
Traffic,2018-03-30,107
Traffic,2018-03-31,89
Traffic,2018-04-01,50
Traffic,2018-04-02,116
Traffic,2018-04-03,92
Traffic,2018-04-04,172
Traffic,2018-04-05,108
Traffic,2018-04-06,91
Traffic,2018-04-07,98
Traffic,2018-04-08,48
Traffic,2018-04-09,80
Traffic,2018-04-10,79
Traffic,2018-04-11,104
Traffic,2018-04-12,116
Traffic,2018-04-13,118
Traffic,2018-04-14,110
Traffic,2018-04-15,66
Traffic,2018-04-16,181
Traffic,2018-04-17,112
Traffic,2018-04-18,90
Traffic,2018-04-19,92
Traffic,2018-04-20,124
Traffic,2018-04-21,75
Traffic,2018-04-22,60
Traffic,2018-04-23,103
Traffic,2018-04-24,94
Traffic,2018-04-25,119
Traffic,2018-04-26,125
Traffic,2018-04-27,133
Traffic,2018-04-28,85
Traffic,2018-04-29,58
Traffic,2018-04-30,117
Traffic,2018-05-01,121
Traffic,2018-05-02,141
Traffic,2018-05-03,117
Traffic,2018-05-04,146
Traffic,2018-05-05,89
Traffic,2018-05-06,73
Traffic,2018-05-07,110
Traffic,2018-05-08,105
Traffic,2018-05-09,136
Traffic,2018-05-10,129
Traffic,2018-05-11,131
Traffic,2018-05-12,126
Traffic,2018-05-13,62
Traffic,2018-05-14,112
Traffic,2018-05-15,220
Traffic,2018-05-16,137
Traffic,2018-05-17,164
Traffic,2018-05-18,120
Traffic,2018-05-19,90
Traffic,2018-05-20,81
Traffic,2018-05-21,107
Traffic,2018-05-22,105
Traffic,2018-05-23,130
Traffic,2018-05-24,143
Traffic,2018-05-25,157
Traffic,2018-05-26,76
Traffic,2018-05-27,102
Traffic,2018-05-28,44
Traffic,2018-05-29,120
Traffic,2018-05-30,95
Traffic,2018-05-31,107
Traffic,2018-06-01,136
Traffic,2018-06-02,88
Traffic,2018-06-03,73
Traffic,2018-06-04,123
Traffic,2018-06-05,124
Traffic,2018-06-06,105
Traffic,2018-06-07,120
Traffic,2018-06-08,118
Traffic,2018-06-09,95
Traffic,2018-06-10,89
Traffic,2018-06-11,154
Traffic,2018-06-12,132
Traffic,2018-06-13,116
Traffic,2018-06-14,139
Traffic,2018-06-15,113
Traffic,2018-06-16,95
Traffic,2018-06-17,82
Traffic,2018-06-18,118
Traffic,2018-06-19,137
Traffic,2018-06-20,122
Traffic,2018-06-21,115
Traffic,2018-06-22,122
Traffic,2018-06-23,71
Traffic,2018-06-24,77
Traffic,2018-06-25,130
Traffic,2018-06-26,119
Traffic,2018-06-27,120
Traffic,2018-06-28,199
Traffic,2018-06-29,139
Traffic,2018-06-30,129
Traffic,2018-07-01,79
Traffic,2018-07-02,130
Traffic,2018-07-03,167
Traffic,2018-07-04,70
Traffic,2018-07-05,141
Traffic,2018-07-06,117
Traffic,2018-07-07,87
Traffic,2018-07-08,57
Traffic,2018-07-09,112
Traffic,2018-07-10,145
Traffic,2018-07-11,127
Traffic,2018-07-12,124
Traffic,2018-07-13,118
Traffic,2018-07-14,90
Traffic,2018-07-15,103
Traffic,2018-07-16,116
Traffic,2018-07-17,164
Traffic,2018-07-18,134
Traffic,2018-07-19,118
Traffic,2018-07-20,113
Traffic,2018-07-21,79
Traffic,2018-07-22,156
Traffic,2018-07-23,122
Traffic,2018-07-24,152
Traffic,2018-07-25,114
Traffic,2018-07-26,133
Traffic,2018-07-27,121
Traffic,2018-07-28,68
Traffic,2018-07-29,66
Traffic,2018-07-30,118
Traffic,2018-07-31,106
Traffic,2018-08-01,133
Traffic,2018-08-02,106
Traffic,2018-08-03,116
Traffic,2018-08-04,99
Traffic,2018-08-05,71
Traffic,2018-08-06,128
Traffic,2018-08-07,119
Traffic,2018-08-08,109
Traffic,2018-08-09,109
Traffic,2018-08-10,128
Traffic,2018-08-11,129
Traffic,2018-08-12,78
Traffic,2018-08-13,218
Traffic,2018-08-14,147
Traffic,2018-08-15,133
Traffic,2018-08-16,114
Traffic,2018-08-17,117
Traffic,2018-08-18,76
Traffic,2018-08-19,61
Traffic,2018-08-20,109
Traffic,2018-08-21,118
Traffic,2018-08-22,129
Traffic,2018-08-23,117
Traffic,2018-08-24,100
Traffic,2018-08-25,75
Traffic,2018-08-26,52
Traffic,2018-08-27,120
Traffic,2018-08-28,115
Traffic,2018-08-29,133
Traffic,2018-08-30,90
Traffic,2018-08-31,143
Traffic,2018-09-01,71
Traffic,2018-09-02,46
Traffic,2018-09-03,65
Traffic,2018-09-04,152
Traffic,2018-09-05,159
Traffic,2018-09-06,124
Traffic,2018-09-07,155
Traffic,2018-09-08,105
Traffic,2018-09-09,98
Traffic,2018-09-10,143
Traffic,2018-09-11,110
Traffic,2018-09-12,153
Traffic,2018-09-13,112
Traffic,2018-09-14,123
Traffic,2018-09-15,80
Traffic,2018-09-16,67
Traffic,2018-09-17,145
Traffic,2018-09-18,156
Traffic,2018-09-19,131
Traffic,2018-09-20,120
Traffic,2018-09-21,121
Traffic,2018-09-22,87
Traffic,2018-09-23,81
Traffic,2018-09-24,112
Traffic,2018-09-25,170
Traffic,2018-09-26,169
Traffic,2018-09-27,125
Traffic,2018-09-28,156
Traffic,2018-09-29,81
Traffic,2018-09-30,81
Traffic,2018-10-01,106
Traffic,2018-10-02,137
Traffic,2018-10-03,138
Traffic,2018-10-04,125
Traffic,2018-10-05,136
Traffic,2018-10-06,74
Traffic,2018-10-07,80
Traffic,2018-10-08,120
Traffic,2018-10-09,133
Traffic,2018-10-10,169
Traffic,2018-10-11,136
Traffic,2018-10-12,158
Traffic,2018-10-13,79
Traffic,2018-10-14,78
Traffic,2018-10-15,154
Traffic,2018-10-16,133
Traffic,2018-10-17,128
Traffic,2018-10-18,127
Traffic,2018-10-19,132
Traffic,2018-10-20,98
Traffic,2018-10-21,72
Traffic,2018-10-22,127
Traffic,2018-10-23,137
Traffic,2018-10-24,155
Traffic,2018-10-25,130
Traffic,2018-10-26,134
Traffic,2018-10-27,161
Traffic,2018-10-28,71
Traffic,2018-10-29,119
Traffic,2018-10-30,154
Traffic,2018-10-31,152
Traffic,2018-11-01,108
Traffic,2018-11-02,173
Traffic,2018-11-03,257
Traffic,2018-11-04,83
Traffic,2018-11-05,177
Traffic,2018-11-06,186
Traffic,2018-11-07,143
Traffic,2018-11-08,148
Traffic,2018-11-09,175
Traffic,2018-11-10,142
Traffic,2018-11-11,68
Traffic,2018-11-12,123
Traffic,2018-11-13,142
Traffic,2018-11-14,122
Traffic,2018-11-15,1168
Traffic,2018-11-16,246
Traffic,2018-11-17,96
Traffic,2018-11-18,65
Traffic,2018-11-19,118
Traffic,2018-11-20,148
Traffic,2018-11-21,142
Traffic,2018-11-22,69
Traffic,2018-11-23,146
Traffic,2018-11-24,140
Traffic,2018-11-25,101
Traffic,2018-11-26,154
Traffic,2018-11-27,110
Traffic,2018-11-28,127
Traffic,2018-11-29,133
Traffic,2018-11-30,131
Traffic,2018-12-01,108
Traffic,2018-12-02,94
Traffic,2018-12-03,110
Traffic,2018-12-04,121
Traffic,2018-12-05,137
Traffic,2018-12-06,130
Traffic,2018-12-07,137
Traffic,2018-12-08,89
Traffic,2018-12-09,54
Traffic,2018-12-10,154
Traffic,2018-12-11,150
Traffic,2018-12-12,119
Traffic,2018-12-13,104
Traffic,2018-12-14,154
Traffic,2018-12-15,125
Traffic,2018-12-16,116
Traffic,2018-12-17,129
Traffic,2018-12-18,142
Traffic,2018-12-19,149
Traffic,2018-12-20,177
Traffic,2018-12-21,193
Traffic,2018-12-22,99
Traffic,2018-12-23,65
Traffic,2018-12-24,77
Traffic,2018-12-25,33
Traffic,2018-12-26,84
Traffic,2018-12-27,83
Traffic,2018-12-28,165
Traffic,2018-12-29,95
Traffic,2018-12-30,46
Traffic,2018-12-31,115
Traffic,2019-01-01,59
Traffic,2019-01-02,99
Traffic,2019-01-03,130
Traffic,2019-01-04,136
Traffic,2019-01-05,94
Traffic,2019-01-06,50
Traffic,2019-01-07,120
Traffic,2019-01-08,112
Traffic,2019-01-09,144
Traffic,2019-01-10,131
Traffic,2019-01-11,139
Traffic,2019-01-12,95
Traffic,2019-01-13,81
Traffic,2019-01-14,100
Traffic,2019-01-15,118
Traffic,2019-01-16,122
Traffic,2019-01-17,94
Traffic,2019-01-18,120
Traffic,2019-01-19,75
Traffic,2019-01-20,73
Traffic,2019-01-21,160
Traffic,2019-01-22,125
Traffic,2019-01-23,129
Traffic,2019-01-24,178
Traffic,2019-01-25,169
Traffic,2019-01-26,91
Traffic,2019-01-27,70
Traffic,2019-01-28,122
Traffic,2019-01-29,182
Traffic,2019-01-30,150
Traffic,2019-01-31,139
Traffic,2019-02-01,183
Traffic,2019-02-02,110
Traffic,2019-02-03,73
Traffic,2019-02-04,122
Traffic,2019-02-05,117
Traffic,2019-02-06,105
Traffic,2019-02-07,102
Traffic,2019-02-08,130
Traffic,2019-02-09,112
Traffic,2019-02-10,85
Traffic,2019-02-11,106
Traffic,2019-02-12,206
Traffic,2019-02-13,207
Traffic,2019-02-14,142
Traffic,2019-02-15,113
Traffic,2019-02-16,63
Traffic,2019-02-17,45
Traffic,2019-02-18,98
Traffic,2019-02-19,99
Traffic,2019-02-20,181
Traffic,2019-02-21,116
Traffic,2019-02-22,100
Traffic,2019-02-23,73
Traffic,2019-02-24,88
Traffic,2019-02-25,308
Traffic,2019-02-26,110
Traffic,2019-02-27,110
Traffic,2019-02-28,139
Traffic,2019-03-01,172
Traffic,2019-03-02,136
Traffic,2019-03-03,184
Traffic,2019-03-04,252
Traffic,2019-03-05,145
Traffic,2019-03-06,145
Traffic,2019-03-07,92
Traffic,2019-03-08,119
Traffic,2019-03-09,110
Traffic,2019-03-10,72
Traffic,2019-03-11,118
Traffic,2019-03-12,132
Traffic,2019-03-13,83
Traffic,2019-03-14,102
Traffic,2019-03-15,151
Traffic,2019-03-16,99
Traffic,2019-03-17,56
Traffic,2019-03-18,86
Traffic,2019-03-19,111
Traffic,2019-03-20,128
Traffic,2019-03-21,115
Traffic,2019-03-22,122
Traffic,2019-03-23,84
Traffic,2019-03-24,66
Traffic,2019-03-25,87
Traffic,2019-03-26,115
Traffic,2019-03-27,111
Traffic,2019-03-28,100
Traffic,2019-03-29,104
Traffic,2019-03-30,87
Traffic,2019-03-31,65
Traffic,2019-04-01,106
Traffic,2019-04-02,118
Traffic,2019-04-03,129
Traffic,2019-04-04,101
Traffic,2019-04-05,98
Traffic,2019-04-06,90
Traffic,2019-04-07,58
Traffic,2019-04-08,91
Traffic,2019-04-09,94
Traffic,2019-04-10,94
Traffic,2019-04-11,105
Traffic,2019-04-12,130
Traffic,2019-04-13,83
Traffic,2019-04-14,43
Traffic,2019-04-15,176
Traffic,2019-04-16,124
Traffic,2019-04-17,93
Traffic,2019-04-18,97
Traffic,2019-04-19,101
Traffic,2019-04-20,101
Traffic,2019-04-21,60
Traffic,2019-04-22,105
Traffic,2019-04-23,127
Traffic,2019-04-24,124
Traffic,2019-04-25,107
Traffic,2019-04-26,187
Traffic,2019-04-27,136
Traffic,2019-04-28,67
Traffic,2019-04-29,101
Traffic,2019-04-30,123
Traffic,2019-05-01,87
Traffic,2019-05-02,122
Traffic,2019-05-03,106
Traffic,2019-05-04,82
Traffic,2019-05-05,98
Traffic,2019-05-06,116
Traffic,2019-05-07,126
Traffic,2019-05-08,109
Traffic,2019-05-09,99
Traffic,2019-05-10,142
Traffic,2019-05-11,104
Traffic,2019-05-12,117
Traffic,2019-05-13,158
Traffic,2019-05-14,100
Traffic,2019-05-15,129
Traffic,2019-05-16,109
Traffic,2019-05-17,147
Traffic,2019-05-18,94
Traffic,2019-05-19,86
Traffic,2019-05-20,161
Traffic,2019-05-21,122
Traffic,2019-05-22,124
Traffic,2019-05-23,118
Traffic,2019-05-24,140
Traffic,2019-05-25,70
Traffic,2019-05-26,68
Traffic,2019-05-27,51
Traffic,2019-05-28,127
Traffic,2019-05-29,245
Traffic,2019-05-30,159
Traffic,2019-05-31,154
Traffic,2019-06-01,89
Traffic,2019-06-02,57
Traffic,2019-06-03,137
Traffic,2019-06-04,117
Traffic,2019-06-05,120
Traffic,2019-06-06,121
Traffic,2019-06-07,125
Traffic,2019-06-08,89
Traffic,2019-06-09,81
Traffic,2019-06-10,159
Traffic,2019-06-11,128
Traffic,2019-06-12,152
Traffic,2019-06-13,155
Traffic,2019-06-14,126
Traffic,2019-06-15,83
Traffic,2019-06-16,54
Traffic,2019-06-17,110
Traffic,2019-06-18,106
Traffic,2019-06-19,105
Traffic,2019-06-20,223
Traffic,2019-06-21,135
Traffic,2019-06-22,68
Traffic,2019-06-23,74
Traffic,2019-06-24,109
Traffic,2019-06-25,129
Traffic,2019-06-26,127
Traffic,2019-06-27,126
Traffic,2019-06-28,161
Traffic,2019-06-29,177
Traffic,2019-06-30,72
Traffic,2019-07-01,122
Traffic,2019-07-02,110
Traffic,2019-07-03,117
Traffic,2019-07-04,68
Traffic,2019-07-05,97
Traffic,2019-07-06,92
Traffic,2019-07-07,72
Traffic,2019-07-08,138
Traffic,2019-07-09,108
Traffic,2019-07-10,115
Traffic,2019-07-11,286
Traffic,2019-07-12,125
Traffic,2019-07-13,78
Traffic,2019-07-14,82
Traffic,2019-07-15,114
Traffic,2019-07-16,137
Traffic,2019-07-17,185
Traffic,2019-07-18,143
Traffic,2019-07-19,140
Traffic,2019-07-20,90
Traffic,2019-07-21,78
Traffic,2019-07-22,158
Traffic,2019-07-23,108
Traffic,2019-07-24,119
Traffic,2019-07-25,148
Traffic,2019-07-26,121
Traffic,2019-07-27,72
Traffic,2019-07-28,73
Traffic,2019-07-29,133
Traffic,2019-07-30,131
Traffic,2019-07-31,121
Traffic,2019-08-01,148
Traffic,2019-08-02,94
Traffic,2019-08-03,80
Traffic,2019-08-04,57
Traffic,2019-08-05,109
Traffic,2019-08-06,94
Traffic,2019-08-07,206
Traffic,2019-08-08,119
Traffic,2019-08-09,128
Traffic,2019-08-10,107
Traffic,2019-08-11,57
Traffic,2019-08-12,118
Traffic,2019-08-13,104
Traffic,2019-08-14,121
Traffic,2019-08-15,130
Traffic,2019-08-16,95
Traffic,2019-08-17,60
Traffic,2019-08-18,70
Traffic,2019-08-19,123
Traffic,2019-08-20,102
Traffic,2019-08-21,118
Traffic,2019-08-22,116
Traffic,2019-08-23,98
Traffic,2019-08-24,78
Traffic,2019-08-25,58
Traffic,2019-08-26,109
Traffic,2019-08-27,110
Traffic,2019-08-28,118
Traffic,2019-08-29,132
Traffic,2019-08-30,132
Traffic,2019-08-31,69
Traffic,2019-09-01,58
Traffic,2019-09-02,64
Traffic,2019-09-03,149
Traffic,2019-09-04,122
Traffic,2019-09-05,91
Traffic,2019-09-06,123
Traffic,2019-09-07,111
Traffic,2019-09-08,55
Traffic,2019-09-09,106
Traffic,2019-09-10,102
Traffic,2019-09-11,137
Traffic,2019-09-12,148
Traffic,2019-09-13,131
Traffic,2019-09-14,54
Traffic,2019-09-15,62
Traffic,2019-09-16,112
Traffic,2019-09-17,111
Traffic,2019-09-18,108
Traffic,2019-09-19,110
Traffic,2019-09-20,134
Traffic,2019-09-21,96
Traffic,2019-09-22,68
Traffic,2019-09-23,106
Traffic,2019-09-24,121
Traffic,2019-09-25,126
Traffic,2019-09-26,116
Traffic,2019-09-27,129
Traffic,2019-09-28,73
Traffic,2019-09-29,77
Traffic,2019-09-30,85
Traffic,2019-10-01,88
Traffic,2019-10-02,127
Traffic,2019-10-03,204
Traffic,2019-10-04,151
Traffic,2019-10-05,97
Traffic,2019-10-06,83
Traffic,2019-10-07,98
Traffic,2019-10-08,114
Traffic,2019-10-09,104
Traffic,2019-10-10,121
Traffic,2019-10-11,123
Traffic,2019-10-12,87
Traffic,2019-10-13,73
Traffic,2019-10-14,119
Traffic,2019-10-15,124
Traffic,2019-10-16,179
Traffic,2019-10-17,206
Traffic,2019-10-18,126
Traffic,2019-10-19,100
Traffic,2019-10-20,79
Traffic,2019-10-21,145
Traffic,2019-10-22,167
Traffic,2019-10-23,148
Traffic,2019-10-24,168
Traffic,2019-10-25,126
Traffic,2019-10-26,96
Traffic,2019-10-27,94
Traffic,2019-10-28,114
Traffic,2019-10-29,146
Traffic,2019-10-30,160
Traffic,2019-10-31,185
Traffic,2019-11-01,351
Traffic,2019-11-02,117
Traffic,2019-11-03,63
Traffic,2019-11-04,138
Traffic,2019-11-05,123
Traffic,2019-11-06,133
Traffic,2019-11-07,145
Traffic,2019-11-08,139
Traffic,2019-11-09,87
Traffic,2019-11-10,71
Traffic,2019-11-11,127
Traffic,2019-11-12,120
Traffic,2019-11-13,121
Traffic,2019-11-14,115
Traffic,2019-11-15,117
Traffic,2019-11-16,82
Traffic,2019-11-17,65
Traffic,2019-11-18,104
Traffic,2019-11-19,120
Traffic,2019-11-20,111
Traffic,2019-11-21,112
Traffic,2019-11-22,127
Traffic,2019-11-23,84
Traffic,2019-11-24,80
Traffic,2019-11-25,144
Traffic,2019-11-26,165
Traffic,2019-11-27,114
Traffic,2019-11-28,91
Traffic,2019-11-29,108
Traffic,2019-11-30,96
Traffic,2019-12-01,72
Traffic,2019-12-02,128
Traffic,2019-12-03,119
Traffic,2019-12-04,149
Traffic,2019-12-05,147
Traffic,2019-12-06,108
Traffic,2019-12-07,97
Traffic,2019-12-08,67
Traffic,2019-12-09,192
Traffic,2019-12-10,125
Traffic,2019-12-11,106
Traffic,2019-12-12,113
Traffic,2019-12-13,145
Traffic,2019-12-14,118
Traffic,2019-12-15,69
Traffic,2019-12-16,148
Traffic,2019-12-17,156
Traffic,2019-12-18,168
Traffic,2019-12-19,142
Traffic,2019-12-20,185
Traffic,2019-12-21,127
Traffic,2019-12-22,86
Traffic,2019-12-23,144
Traffic,2019-12-24,113
Traffic,2019-12-25,46
Traffic,2019-12-26,81
Traffic,2019-12-27,86
Traffic,2019-12-28,72
Traffic,2019-12-29,65
Traffic,2019-12-30,99
Traffic,2019-12-31,81
Traffic,2020-01-01,50
Traffic,2020-01-02,111
Traffic,2020-01-03,106
Traffic,2020-01-04,100
Traffic,2020-01-05,53
Traffic,2020-01-06,77
Traffic,2020-01-07,105
Traffic,2020-01-08,121
Traffic,2020-01-09,89
Traffic,2020-01-10,128
Traffic,2020-01-11,94
Traffic,2020-01-12,76
Traffic,2020-01-13,100
Traffic,2020-01-14,133
Traffic,2020-01-15,104
Traffic,2020-01-16,132
Traffic,2020-01-17,134
Traffic,2020-01-18,347
Traffic,2020-01-19,122
Traffic,2020-01-20,104
Traffic,2020-01-21,118
Traffic,2020-01-22,109
Traffic,2020-01-23,110
Traffic,2020-01-24,99
Traffic,2020-01-25,183
Traffic,2020-01-26,68
Traffic,2020-01-27,99
Traffic,2020-01-28,91
Traffic,2020-01-29,80
Traffic,2020-01-30,105
Traffic,2020-01-31,114
Traffic,2020-02-01,87
Traffic,2020-02-02,69
Traffic,2020-02-03,124
Traffic,2020-02-04,92
Traffic,2020-02-05,92
Traffic,2020-02-06,104
Traffic,2020-02-07,169
Traffic,2020-02-08,81
Traffic,2020-02-09,52
Traffic,2020-02-10,135
Traffic,2020-02-11,114
Traffic,2020-02-12,113
Traffic,2020-02-13,132
Traffic,2020-02-14,120
Traffic,2020-02-15,68
Traffic,2020-02-16,63
Traffic,2020-02-17,81
Traffic,2020-02-18,95
Traffic,2020-02-19,98
Traffic,2020-02-20,99
Traffic,2020-02-21,116
Traffic,2020-02-22,98
Traffic,2020-02-23,65
Traffic,2020-02-24,100
Traffic,2020-02-25,118
Traffic,2020-02-26,84
Traffic,2020-02-27,102
Traffic,2020-02-28,100
Traffic,2020-02-29,71
Traffic,2020-03-01,75
Traffic,2020-03-02,109
Traffic,2020-03-03,154
Traffic,2020-03-04,117
Traffic,2020-03-05,96
Traffic,2020-03-06,147
Traffic,2020-03-07,106
Traffic,2020-03-08,64
Traffic,2020-03-09,98
Traffic,2020-03-10,93
Traffic,2020-03-11,93
Traffic,2020-03-12,94
Traffic,2020-03-13,80
Traffic,2020-03-14,53
Traffic,2020-03-15,34
Traffic,2020-03-16,45
Traffic,2020-03-17,52
Traffic,2020-03-18,50
Traffic,2020-03-19,45
Traffic,2020-03-20,45
Traffic,2020-03-21,41
Traffic,2020-03-22,28
Traffic,2020-03-23,39
Traffic,2020-03-24,31
Traffic,2020-03-25,26
Traffic,2020-03-26,36
Traffic,2020-03-27,32
Traffic,2020-03-28,22
Traffic,2020-03-29,20
Traffic,2020-03-30,31
Traffic,2020-03-31,36
Traffic,2020-04-01,28
Traffic,2020-04-02,46
Traffic,2020-04-03,40
Traffic,2020-04-04,31
Traffic,2020-04-05,28
Traffic,2020-04-06,44
Traffic,2020-04-07,38
Traffic,2020-04-08,50
Traffic,2020-04-09,160
Traffic,2020-04-10,82
Traffic,2020-04-11,29
Traffic,2020-04-12,24
Traffic,2020-04-13,79
Traffic,2020-04-14,34
Traffic,2020-04-15,45
Traffic,2020-04-16,51
Traffic,2020-04-17,32
Traffic,2020-04-18,34
Traffic,2020-04-19,17
Traffic,2020-04-20,24
Traffic,2020-04-21,42
Traffic,2020-04-22,55
Traffic,2020-04-23,37
Traffic,2020-04-24,56
Traffic,2020-04-25,40
Traffic,2020-04-26,29
Traffic,2020-04-27,58
Traffic,2020-04-28,33
Traffic,2020-04-29,36
Traffic,2020-04-30,123
Traffic,2020-05-01,71
Traffic,2020-05-02,43
Traffic,2020-05-03,30
Traffic,2020-05-04,68
Traffic,2020-05-05,46
Traffic,2020-05-06,50
Traffic,2020-05-07,51
Traffic,2020-05-08,70
Traffic,2020-05-09,49
Traffic,2020-05-10,34
Traffic,2020-05-11,45
Traffic,2020-05-12,32
Traffic,2020-05-13,56
Traffic,2020-05-14,52
Traffic,2020-05-15,70
Traffic,2020-05-16,47
Traffic,2020-05-17,33
Traffic,2020-05-18,51
Traffic,2020-05-19,95
Traffic,2020-05-20,59
Traffic,2020-05-21,75
Traffic,2020-05-22,71
Traffic,2020-05-23,71
Traffic,2020-05-24,32
Traffic,2020-05-25,35
Traffic,2020-05-26,82
Traffic,2020-05-27,62
Traffic,2020-05-28,45
Traffic,2020-05-29,72
Traffic,2020-05-30,54
Traffic,2020-05-31,44
Traffic,2020-06-01,64
Traffic,2020-06-02,64
Traffic,2020-06-03,606
Traffic,2020-06-04,171
Traffic,2020-06-05,108
Traffic,2020-06-06,76
Traffic,2020-06-07,70
Traffic,2020-06-08,87
Traffic,2020-06-09,90
Traffic,2020-06-10,67
Traffic,2020-06-11,84
Traffic,2020-06-12,89
Traffic,2020-06-13,74
Traffic,2020-06-14,45
Traffic,2020-06-15,89
Traffic,2020-06-16,78
Traffic,2020-06-17,66
Traffic,2020-06-18,83
Traffic,2020-06-19,64
Traffic,2020-06-20,52
Traffic,2020-06-21,68
Traffic,2020-06-22,89
Traffic,2020-06-23,73
Traffic,2020-06-24,73
Traffic,2020-06-25,75
Traffic,2020-06-26,71
Traffic,2020-06-27,71
